mode,fileid,off_failed,off_sil_occupancy,final-only_failed,final-only_sil_occupancy,initial-only_failed,initial-only_sil_occupancy,both_failed,both_sil_occupancy
single_pron,arctic_a0001,False,43.14610290527344,False,43.14610290527344,False,43.14610290527344,False,43.14610290527344
single_pron,arctic_a0002,False,45.593116760253906,False,45.593116760253906,False,45.593116760253906,False,45.593116760253906
single_pron,arctic_a0003,False,18.762916564941406,False,18.762916564941406,False,18.762916564941406,False,18.762916564941406
single_pron,arctic_a0004,False,45.1324462890625,False,45.1324462890625,False,45.1324462890625,False,45.1324462890625
single_pron,arctic_a0005,False,32.21125793457031,False,32.21125793457031,False,32.21125793457031,False,32.21125793457031
single_pron,arctic_a0006,False,39.96775817871094,False,39.96775817871094,False,39.96775817871094,False,39.96775817871094
single_pron,arctic_a0007,False,44.463958740234375,False,44.463958740234375,False,44.463958740234375,False,44.463958740234375
single_pron,arctic_a0008,False,40.66766357421875,False,40.66766357421875,False,40.66766357421875,False,40.66766357421875
single_pron,arctic_a0009,False,35.4111328125,False,35.4111328125,False,35.4111328125,False,35.4111328125
single_pron,arctic_a0010,False,43.332366943359375,False,43.332366943359375,False,43.332366943359375,False,43.332366943359375
single_pron,arctic_a0011,False,31.26129150390625,False,31.26129150390625,False,31.26129150390625,False,31.26129150390625
single_pron,arctic_a0012,False,30.000091552734375,False,30.000091552734375,False,30.000091552734375,False,30.000091552734375
single_pron,arctic_a0013,False,20.859344482421875,False,20.859344482421875,False,20.859344482421875,False,20.859344482421875
single_pron,arctic_a0014,False,32.766876220703125,False,32.766876220703125,False,32.766876220703125,False,32.766876220703125
single_pron,arctic_a0015,False,22.999969482421875,False,19.999969482421875,False,22.999969482421875,False,19.999969482421875
single_pron,arctic_a0016,False,24.01416015625,False,24.01416015625,False,24.01416015625,False,24.01416015625
single_pron,arctic_a0017,False,33.36297607421875,False,33.36297607421875,False,33.36297607421875,False,33.36297607421875
single_pron,arctic_a0018,False,39.31146240234375,False,39.31146240234375,False,39.31146240234375,False,39.31146240234375
single_pron,arctic_a0019,False,27.03253173828125,False,27.03253173828125,False,27.03253173828125,False,27.03253173828125
single_pron,arctic_a0020,False,13.9635009765625,False,13.9635009765625,False,13.9635009765625,False,13.9635009765625
single_pron,arctic_a0021,False,34.01605224609375,False,34.01605224609375,False,34.01605224609375,False,34.01605224609375
single_pron,arctic_a0022,False,45.5452880859375,False,45.5452880859375,False,45.5452880859375,False,45.5452880859375
single_pron,arctic_a0023,True,0.0,True,0.0,True,0.0,True,0.0
single_pron,arctic_a0024,True,0.0,True,0.0,True,0.0,True,0.0
single_pron,arctic_a0025,False,41.19207763671875,False,41.19207763671875,False,41.19207763671875,False,41.19207763671875
single_pron,arctic_a0026,False,38.16363525390625,False,38.16363525390625,False,38.16363525390625,False,38.16363525390625
single_pron,arctic_a0027,False,43.5543212890625,False,43.5543212890625,False,43.5543212890625,False,43.5543212890625
single_pron,arctic_a0028,False,39.7689208984375,False,39.7689208984375,False,39.7689208984375,False,39.7689208984375
single_pron,arctic_a0029,False,34.83917236328125,False,34.83917236328125,False,34.83917236328125,False,34.83917236328125
single_pron,arctic_a0030,False,39.00897216796875,False,39.00897216796875,False,39.00897216796875,False,39.00897216796875
single_pron,arctic_a0031,False,29.926513671875,False,29.926513671875,False,29.926513671875,False,29.926513671875
single_pron,arctic_a0032,False,20.7374267578125,False,20.7374267578125,False,20.7374267578125,False,20.7374267578125
single_pron,arctic_a0033,False,35.0638427734375,False,35.0638427734375,False,35.0638427734375,False,35.0638427734375
single_pron,arctic_a0034,True,0.0,True,0.0,True,0.0,True,0.0
single_pron,arctic_a0035,False,20.618408203125,False,20.618408203125,False,20.618408203125,False,20.618408203125
single_pron,arctic_a0036,False,39.98291015625,False,39.98291015625,False,39.98291015625,False,39.98291015625
single_pron,arctic_a0037,True,0.0,True,0.0,True,0.0,True,0.0
single_pron,arctic_a0038,False,21.9029541015625,False,20.025146484375,False,21.9029541015625,False,20.025146484375
single_pron,arctic_a0039,False,22.021240234375,False,22.021240234375,False,22.021240234375,False,22.021240234375
single_pron,arctic_a0040,False,47.0340576171875,False,47.0341796875,False,47.0340576171875,False,47.0341796875
single_pron,arctic_a0041,False,42.7694091796875,False,42.7694091796875,False,42.7694091796875,False,42.7694091796875
single_pron,arctic_a0042,False,35.869384765625,False,35.8692626953125,False,35.869384765625,False,35.8692626953125
single_pron,arctic_a0043,False,38.29931640625,False,38.2994384765625,False,38.29931640625,False,38.2994384765625
single_pron,arctic_a0044,True,0.0,True,0.0,True,0.0,True,0.0
single_pron,arctic_a0045,False,38.0301513671875,False,38.0301513671875,False,38.0301513671875,False,38.0301513671875
single_pron,arctic_a0046,False,37.89306640625,False,37.89306640625,False,37.89306640625,False,37.89306640625
single_pron,arctic_a0047,False,24.677978515625,False,24.677978515625,False,24.677978515625,False,24.677978515625
single_pron,arctic_a0048,False,34.075927734375,False,34.075927734375,False,34.075927734375,False,34.075927734375
single_pron,arctic_a0049,False,40.017578125,False,40.017578125,False,40.017578125,False,40.017578125
single_pron,arctic_a0050,False,39.8330078125,False,39.8330078125,False,39.8330078125,False,39.8330078125
single_pron,arctic_a0051,True,0.0,True,0.0,True,0.0,True,0.0
single_pron,arctic_a0052,False,24.2977294921875,False,19.139404296875,False,24.2977294921875,False,19.139404296875
single_pron,arctic_a0053,False,13.8594970703125,False,13.8594970703125,False,13.8594970703125,False,13.8594970703125
single_pron,arctic_a0054,True,0.0,True,0.0,True,0.0,True,0.0
single_pron,arctic_a0055,False,23.25830078125,False,23.258056640625,False,23.25830078125,False,23.258056640625
single_pron,arctic_a0056,True,0.0,True,0.0,True,0.0,True,0.0
single_pron,arctic_a0057,False,63.22705078125,False,63.2271728515625,False,63.22705078125,False,63.2271728515625
single_pron,arctic_a0058,False,24.9998779296875,False,22.0,False,24.9998779296875,False,22.0
single_pron,arctic_a0059,True,0.0,True,0.0,True,0.0,True,0.0
single_pron,arctic_a0060,False,27.9261474609375,False,27.9261474609375,False,27.9261474609375,False,27.9261474609375
single_pron,arctic_a0061,False,39.52001953125,False,39.5198974609375,False,39.52001953125,False,39.5198974609375
single_pron,arctic_a0062,False,22.309814453125,False,19.3099365234375,False,22.309814453125,False,19.3099365234375
single_pron,arctic_a0063,False,40.97021484375,False,40.9700927734375,False,40.97021484375,False,40.9700927734375
single_pron,arctic_a0064,False,17.5648193359375,False,14.5648193359375,False,17.5648193359375,False,14.5648193359375
single_pron,arctic_a0065,False,40.0870361328125,False,40.0870361328125,False,40.0870361328125,False,40.0870361328125
single_pron,arctic_a0066,False,33.8184814453125,False,33.818603515625,False,33.8184814453125,False,33.818603515625
single_pron,arctic_a0067,False,37.0662841796875,False,37.066162109375,False,37.0662841796875,False,37.066162109375
single_pron,arctic_a0068,False,39.5487060546875,False,39.548828125,False,39.5487060546875,False,39.548828125
single_pron,arctic_a0069,False,43.4539794921875,False,43.4539794921875,False,43.4539794921875,False,43.4539794921875
single_pron,arctic_a0070,False,36.097900390625,False,36.0977783203125,False,36.097900390625,False,36.0977783203125
single_pron,arctic_a0071,True,0.0,True,0.0,True,0.0,True,0.0
single_pron,arctic_a0072,True,0.0,True,0.0,True,0.0,True,0.0
single_pron,arctic_a0073,True,0.0,True,0.0,True,0.0,True,0.0
single_pron,arctic_a0074,False,46.153564453125,False,46.153564453125,False,46.153564453125,False,46.153564453125
single_pron,arctic_a0075,False,40.21826171875,False,40.21826171875,False,40.21826171875,False,40.21826171875
single_pron,arctic_a0076,False,30.997802734375,False,30.997802734375,False,30.997802734375,False,30.997802734375
single_pron,arctic_a0077,False,35.1845703125,False,35.1845703125,False,35.1845703125,False,35.1845703125
single_pron,arctic_a0078,False,39.78857421875,False,39.788818359375,False,39.78857421875,False,39.788818359375
single_pron,arctic_a0079,False,46.777587890625,False,46.777587890625,False,46.777587890625,False,46.777587890625
single_pron,arctic_a0080,False,44.407958984375,False,44.40771484375,False,44.407958984375,False,44.40771484375
single_pron,arctic_a0081,False,21.976806640625,False,18.00927734375,False,21.976806640625,False,18.00927734375
single_pron,arctic_a0082,True,0.0,True,0.0,True,0.0,True,0.0
single_pron,arctic_a0083,False,24.10986328125,False,21.1064453125,False,24.10986328125,False,21.1064453125
single_pron,arctic_a0084,False,27.279541015625,False,27.279541015625,False,27.279541015625,False,27.279541015625
single_pron,arctic_a0085,False,23.951171875,False,20.951416015625,False,23.951171875,False,20.951416015625
single_pron,arctic_a0086,False,20.912841796875,False,17.91259765625,False,20.912841796875,False,17.91259765625
single_pron,arctic_a0087,False,31.881103515625,False,31.881103515625,False,31.881103515625,False,31.881103515625
single_pron,arctic_a0088,False,30.3828125,False,30.383056640625,False,30.3828125,False,30.383056640625
single_pron,arctic_a0089,True,0.0,True,0.0,True,0.0,True,0.0
single_pron,arctic_a0090,False,36.830810546875,False,36.83056640625,False,36.830810546875,False,36.83056640625
single_pron,arctic_a0091,False,30.512451171875,False,30.512451171875,False,30.512451171875,False,30.512451171875
single_pron,arctic_a0092,False,17.84765625,False,14.84765625,False,17.84765625,False,14.84765625
single_pron,arctic_a0093,False,28.836669921875,False,28.836669921875,False,28.836669921875,False,28.836669921875
single_pron,arctic_a0094,False,36.807373046875,False,36.80712890625,False,36.807373046875,False,36.80712890625
single_pron,arctic_a0095,False,45.97021484375,False,45.97021484375,False,45.97021484375,False,45.97021484375
single_pron,arctic_a0096,False,19.998779296875,False,16.9990234375,False,19.998779296875,False,16.9990234375
single_pron,arctic_a0097,False,39.036376953125,False,39.036376953125,False,39.036376953125,False,39.036376953125
single_pron,arctic_a0098,False,40.03076171875,False,40.030517578125,False,40.03076171875,False,40.030517578125
single_pron,arctic_a0099,False,43.6513671875,False,43.651611328125,False,43.6513671875,False,43.651611328125
single_pron,arctic_a0100,False,24.30615234375,False,24.3056640625,False,24.30615234375,False,24.3056640625
single_pron,arctic_a0101,False,38.81005859375,False,38.810546875,False,38.81005859375,False,38.810546875
single_pron,arctic_a0102,False,32.07080078125,False,32.070556640625,False,32.07080078125,False,32.070556640625
single_pron,arctic_a0103,False,41.44287109375,False,41.443115234375,False,41.44287109375,False,41.443115234375
single_pron,arctic_a0104,True,0.0,True,0.0,True,0.0,True,0.0
single_pron,arctic_a0105,False,41.311767578125,False,41.311767578125,False,41.311767578125,False,41.311767578125
single_pron,arctic_a0106,False,35.292236328125,False,35.2919921875,False,35.292236328125,False,35.2919921875
single_pron,arctic_a0107,False,43.619140625,False,43.619140625,False,43.619140625,False,43.619140625
single_pron,arctic_a0108,True,0.0,True,0.0,True,0.0,True,0.0
single_pron,arctic_a0109,False,43.261962890625,False,43.26220703125,False,43.261962890625,False,43.26220703125
single_pron,arctic_a0110,False,43.730712890625,False,43.73046875,False,43.730712890625,False,43.73046875
single_pron,arctic_a0111,False,39.5126953125,False,39.5126953125,False,39.5126953125,False,39.5126953125
single_pron,arctic_a0112,True,0.0,True,0.0,True,0.0,True,0.0
single_pron,arctic_a0113,False,26.5830078125,False,26.5830078125,False,26.5830078125,False,26.5830078125
single_pron,arctic_a0114,False,24.80517578125,False,24.804931640625,False,24.80517578125,False,24.804931640625
single_pron,arctic_a0115,False,34.94189453125,False,34.942138671875,False,34.94189453125,False,34.942138671875
single_pron,arctic_a0116,False,39.20703125,False,39.207275390625,False,39.20703125,False,39.207275390625
single_pron,arctic_a0117,False,19.99755859375,False,16.9970703125,False,19.99755859375,False,16.9970703125
single_pron,arctic_a0118,False,42.402099609375,False,42.402099609375,False,42.402099609375,False,42.402099609375
single_pron,arctic_a0119,False,39.012939453125,False,39.012939453125,False,39.012939453125,False,39.012939453125
single_pron,arctic_a0120,False,23.0029296875,False,22.914306640625,False,23.0029296875,False,22.914306640625
single_pron,arctic_a0121,False,19.999755859375,False,17.000244140625,False,19.999755859375,False,17.000244140625
single_pron,arctic_a0122,False,21.10205078125,False,18.101806640625,False,21.10205078125,False,18.101806640625
single_pron,arctic_a0123,False,38.95751953125,False,38.957275390625,False,38.95751953125,False,38.957275390625
single_pron,arctic_a0124,False,23.0009765625,False,20.207275390625,False,23.0009765625,False,20.207275390625
single_pron,arctic_a0125,False,20.7841796875,False,13.8427734375,False,20.7841796875,False,13.8427734375
single_pron,arctic_a0126,False,43.347412109375,False,43.347412109375,False,43.347412109375,False,43.347412109375
single_pron,arctic_a0127,False,34.013916015625,False,34.013671875,False,34.013916015625,False,34.013671875
single_pron,arctic_a0128,False,33.352783203125,False,33.352783203125,False,33.352783203125,False,33.352783203125
single_pron,arctic_a0129,True,0.0,True,0.0,True,0.0,True,0.0
single_pron,arctic_a0130,False,41.83642578125,False,41.83642578125,False,41.83642578125,False,41.83642578125
single_pron,arctic_a0131,False,39.714599609375,False,39.71484375,False,39.714599609375,False,39.71484375
single_pron,arctic_a0132,False,11.0,False,8.0,False,11.0,False,8.0
single_pron,arctic_a0133,False,17.947265625,False,17.9443359375,False,17.947265625,False,17.9443359375
single_pron,arctic_a0134,False,26.387939453125,False,26.3876953125,False,26.387939453125,False,26.3876953125
single_pron,arctic_a0135,False,46.86328125,False,46.86376953125,False,46.86328125,False,46.86376953125
single_pron,arctic_a0136,True,0.0,True,0.0,True,0.0,True,0.0
single_pron,arctic_a0137,False,38.71533203125,False,38.71484375,False,38.71533203125,False,38.71484375
single_pron,arctic_a0138,False,41.71484375,False,41.715087890625,False,41.71484375,False,41.715087890625
single_pron,arctic_a0139,False,17.6787109375,False,14.678466796875,False,17.6787109375,False,14.678466796875
single_pron,arctic_a0140,False,6.008056640625,False,3.0,False,3.008056640625,False,0.0
single_pron,arctic_a0141,False,38.111328125,False,38.111328125,False,38.111328125,False,38.111328125
single_pron,arctic_a0142,False,18.198974609375,False,9.84423828125,False,18.198974609375,False,9.84423828125
single_pron,arctic_a0143,False,36.04931640625,False,36.048828125,False,36.04931640625,False,36.048828125
single_pron,arctic_a0144,True,0.0,True,0.0,True,0.0,True,0.0
single_pron,arctic_a0145,False,42.81298828125,False,42.8134765625,False,42.81298828125,False,42.8134765625
single_pron,arctic_a0146,False,38.39501953125,False,38.39501953125,False,38.39501953125,False,38.39501953125
single_pron,arctic_a0147,False,24.1220703125,False,24.11669921875,False,24.1220703125,False,24.11669921875
single_pron,arctic_a0148,False,42.974609375,False,42.974609375,False,42.974609375,False,42.974609375
single_pron,arctic_a0149,False,30.65283203125,False,30.65234375,False,30.65283203125,False,30.65234375
single_pron,arctic_a0150,False,42.02880859375,False,42.02880859375,False,42.02880859375,False,42.02880859375
single_pron,arctic_a0151,False,42.3115234375,False,42.3115234375,False,42.3115234375,False,42.3115234375
single_pron,arctic_a0152,False,34.642578125,False,34.642578125,False,34.642578125,False,34.642578125
single_pron,arctic_a0153,False,45.1298828125,False,45.1298828125,False,45.1298828125,False,45.1298828125
single_pron,arctic_a0154,True,0.0,True,0.0,True,0.0,True,0.0
single_pron,arctic_a0155,False,40.1796875,False,40.18017578125,False,40.1796875,False,40.18017578125
single_pron,arctic_a0156,False,36.12158203125,False,36.12158203125,False,36.12158203125,False,36.12158203125
single_pron,arctic_a0157,False,18.43505859375,False,15.4345703125,False,18.43505859375,False,15.4345703125
single_pron,arctic_a0158,False,36.703125,False,36.703125,False,36.703125,False,36.703125
single_pron,arctic_a0159,False,19.0927734375,False,15.94873046875,False,19.0927734375,False,15.94873046875
single_pron,arctic_a0160,False,21.8935546875,False,18.89306640625,False,21.8935546875,False,18.89306640625
single_pron,arctic_a0161,False,38.5078125,False,38.50830078125,False,38.5078125,False,38.50830078125
single_pron,arctic_a0162,False,21.9951171875,False,21.9951171875,False,21.9951171875,False,21.9951171875
single_pron,arctic_a0163,False,32.88916015625,False,32.88916015625,False,32.88916015625,False,32.88916015625
single_pron,arctic_a0164,False,36.32861328125,False,36.32861328125,False,36.32861328125,False,36.32861328125
single_pron,arctic_a0165,True,0.0,True,0.0,True,0.0,True,0.0
single_pron,arctic_a0166,False,41.00390625,False,41.00439453125,False,23.33349609375,False,23.33349609375
single_pron,arctic_a0167,True,0.0,True,0.0,True,0.0,True,0.0
single_pron,arctic_a0168,False,32.06201171875,False,32.0615234375,False,32.0615234375,False,32.06201171875
single_pron,arctic_a0169,False,23.4599609375,False,23.4599609375,False,23.46044921875,False,23.46044921875
single_pron,arctic_a0170,True,0.0,True,0.0,True,0.0,True,0.0
single_pron,arctic_a0171,False,40.328125,False,40.328125,False,40.328125,False,40.328125
single_pron,arctic_a0172,True,0.0,True,0.0,True,0.0,True,0.0
single_pron,arctic_a0173,True,0.0,True,0.0,True,0.0,True,0.0
single_pron,arctic_a0174,False,33.12939453125,False,33.12939453125,False,33.12939453125,False,33.12890625
single_pron,arctic_a0175,True,0.0,True,0.0,True,0.0,True,0.0
single_pron,arctic_a0176,False,18.22900390625,False,15.22607421875,False,18.22900390625,False,15.22607421875
single_pron,arctic_a0177,False,33.80029296875,False,33.7998046875,False,33.7998046875,False,33.7998046875
single_pron,arctic_a0178,False,38.736328125,False,38.73681640625,False,38.73681640625,False,38.73681640625
single_pron,arctic_a0179,False,34.060546875,False,34.060546875,False,34.060546875,False,34.060546875
single_pron,arctic_a0180,False,43.3720703125,False,43.37158203125,False,43.37158203125,False,43.3720703125
single_pron,arctic_a0181,True,0.0,True,0.0,True,0.0,True,0.0
single_pron,arctic_a0182,False,36.998046875,False,36.9990234375,False,36.9990234375,False,36.99853515625
single_pron,arctic_a0183,True,0.0,True,0.0,True,0.0,True,0.0
single_pron,arctic_a0184,False,43.97998046875,False,43.97900390625,False,43.9794921875,False,43.9794921875
single_pron,arctic_a0185,False,20.431640625,False,20.43212890625,False,20.431640625,False,20.431640625
single_pron,arctic_a0186,True,0.0,True,0.0,True,0.0,True,0.0
single_pron,arctic_a0187,False,41.06103515625,False,41.0615234375,False,41.0615234375,False,41.06103515625
single_pron,arctic_a0188,False,21.88232421875,False,18.8818359375,False,21.8818359375,False,18.88232421875
single_pron,arctic_a0189,False,36.77734375,False,36.77783203125,False,36.77783203125,False,36.77734375
single_pron,arctic_a0190,False,33.09423828125,False,19.09619140625,False,33.09375,False,19.09619140625
single_pron,arctic_a0191,False,29.32666015625,False,29.3271484375,False,29.32666015625,False,29.3271484375
single_pron,arctic_a0192,False,35.60693359375,False,35.60595703125,False,35.6064453125,False,35.60693359375
single_pron,arctic_a0193,True,0.0,True,0.0,True,0.0,True,0.0
single_pron,arctic_a0194,False,36.17431640625,False,36.17431640625,False,36.1748046875,False,36.17431640625
single_pron,arctic_a0195,False,32.70458984375,False,32.70556640625,False,32.705078125,False,32.705078125
single_pron,arctic_a0196,False,36.61328125,False,36.61279296875,False,36.61279296875,False,36.61328125
single_pron,arctic_a0197,False,12.9052734375,False,9.90234375,False,12.90478515625,False,9.9013671875
single_pron,arctic_a0198,False,12.64794921875,False,12.6474609375,False,12.6484375,False,12.64794921875
single_pron,arctic_a0199,False,41.6474609375,False,41.6474609375,False,41.6474609375,False,41.64794921875
single_pron,arctic_a0200,False,38.4541015625,False,38.4541015625,False,38.4541015625,False,38.4541015625
single_pron,arctic_a0201,False,36.08935546875,False,36.08984375,False,36.08984375,False,36.08984375
single_pron,arctic_a0202,False,19.3720703125,False,16.3720703125,False,19.3720703125,False,16.3720703125
single_pron,arctic_a0203,False,19.25634765625,False,17.75,False,19.255859375,False,17.74951171875
single_pron,arctic_a0204,False,44.23681640625,False,44.236328125,False,44.23681640625,False,44.23681640625
single_pron,arctic_a0205,False,22.27099609375,False,22.271484375,False,22.27099609375,False,22.2705078125
single_pron,arctic_a0206,False,36.1953125,False,36.19482421875,False,36.1953125,False,36.1953125
single_pron,arctic_a0207,False,22.2734375,False,22.27294921875,False,22.2734375,False,22.27294921875
single_pron,arctic_a0208,False,38.82958984375,False,38.83056640625,False,38.830078125,False,38.83056640625
single_pron,arctic_a0209,True,0.0,True,0.0,True,0.0,True,0.0
single_pron,arctic_a0210,True,0.0,True,0.0,True,0.0,True,0.0
single_pron,arctic_a0211,False,34.9912109375,False,34.990234375,False,34.990234375,False,34.99072265625
single_pron,arctic_a0212,False,30.380859375,False,30.380859375,False,30.380859375,False,30.38037109375
single_pron,arctic_a0213,False,27.17138671875,False,27.171875,False,27.171875,False,27.171875
single_pron,arctic_a0214,False,34.62353515625,False,34.62353515625,False,34.62353515625,False,34.6240234375
single_pron,arctic_a0215,False,32.91796875,False,32.91845703125,False,32.91845703125,False,32.91796875
single_pron,arctic_a0216,False,41.5302734375,False,41.5302734375,False,41.5302734375,False,41.5302734375
single_pron,arctic_a0217,True,0.0,True,0.0,True,0.0,True,0.0
single_pron,arctic_a0218,False,36.259765625,False,36.259765625,False,36.259765625,False,36.259765625
single_pron,arctic_a0219,True,0.0,True,0.0,True,0.0,True,0.0
single_pron,arctic_a0220,False,43.63525390625,False,43.63525390625,False,43.634765625,False,43.634765625
single_pron,arctic_a0221,False,46.01806640625,False,46.01708984375,False,46.017578125,False,46.017578125
single_pron,arctic_a0222,True,0.0,True,0.0,True,0.0,True,0.0
single_pron,arctic_a0223,False,39.072265625,False,39.072265625,False,39.072265625,False,39.072265625
single_pron,arctic_a0224,False,18.24267578125,False,15.24365234375,False,18.2431640625,False,15.24365234375
single_pron,arctic_a0225,False,27.99853515625,False,27.99755859375,False,27.998046875,False,27.998046875
single_pron,arctic_a0226,False,27.0419921875,False,27.0419921875,False,27.0419921875,False,27.04150390625
single_pron,arctic_a0227,False,24.9951171875,False,24.99560546875,False,24.99560546875,False,24.99560546875
single_pron,arctic_a0228,False,33.0126953125,False,33.0126953125,False,33.0126953125,False,33.0126953125
single_pron,arctic_a0229,True,0.0,True,0.0,True,0.0,True,0.0
single_pron,arctic_a0230,False,42.685546875,False,42.68505859375,False,42.68505859375,False,42.68505859375
single_pron,arctic_a0231,False,41.2060546875,False,41.20654296875,False,41.20654296875,False,41.20654296875
single_pron,arctic_a0232,False,42.2646484375,False,42.26513671875,False,42.26513671875,False,42.26513671875
single_pron,arctic_a0233,False,45.15087890625,False,45.15087890625,False,45.150390625,False,45.150390625
single_pron,arctic_a0234,False,38.04150390625,False,38.041015625,False,38.041015625,False,38.041015625
single_pron,arctic_a0235,True,0.0,True,0.0,True,0.0,True,0.0
single_pron,arctic_a0236,False,41.619140625,False,41.619140625,False,41.619140625,False,41.61962890625
single_pron,arctic_a0237,False,14.5673828125,False,11.5673828125,False,14.568359375,False,11.56787109375
single_pron,arctic_a0238,False,38.04833984375,False,38.048828125,False,38.0478515625,False,38.0478515625
single_pron,arctic_a0239,False,37.8310546875,False,37.83056640625,False,37.83056640625,False,37.8310546875
single_pron,arctic_a0240,True,0.0,True,0.0,True,0.0,True,0.0
single_pron,arctic_a0241,False,44.17919921875,False,44.1787109375,False,44.17919921875,False,44.17919921875
single_pron,arctic_a0242,False,42.95458984375,False,42.95556640625,False,42.955078125,False,42.955078125
single_pron,arctic_a0243,False,27.41162109375,False,27.41162109375,False,27.412109375,False,27.41162109375
single_pron,arctic_a0244,False,16.486328125,False,15.33251953125,False,16.4853515625,False,15.33251953125
single_pron,arctic_a0245,False,45.35986328125,False,45.35986328125,False,45.3603515625,False,45.35986328125
single_pron,arctic_a0246,False,41.28076171875,False,41.28125,False,41.28125,False,41.28125
single_pron,arctic_a0247,True,0.0,True,0.0,True,0.0,True,0.0
single_pron,arctic_a0248,False,42.73193359375,False,42.73193359375,False,42.7314453125,False,42.73193359375
single_pron,arctic_a0249,False,37.66650390625,False,37.66552734375,False,37.666015625,False,37.666015625
single_pron,arctic_a0250,False,41.416015625,False,41.41650390625,False,41.416015625,False,41.41650390625
single_pron,arctic_a0251,False,47.0859375,False,47.0859375,False,47.0859375,False,47.0859375
single_pron,arctic_a0252,False,25.00048828125,False,23.6259765625,False,25.0009765625,False,23.6259765625
single_pron,arctic_a0253,False,40.70068359375,False,40.701171875,False,40.7001953125,False,40.70068359375
single_pron,arctic_a0254,False,25.1650390625,False,25.1650390625,False,22.119140625,False,22.11865234375
single_pron,arctic_a0255,False,33.6279296875,False,33.6279296875,False,33.6279296875,False,33.6279296875
single_pron,arctic_a0256,False,10.716796875,False,7.716796875,False,10.71630859375,False,7.716796875
single_pron,arctic_a0257,False,40.15283203125,False,40.15283203125,False,40.1533203125,False,40.15234375
single_pron,arctic_a0258,False,12.7119140625,False,12.71142578125,False,12.71142578125,False,12.7119140625
single_pron,arctic_a0259,False,42.44775390625,False,42.44873046875,False,43.4482421875,False,43.4482421875
single_pron,arctic_a0260,False,43.5078125,False,43.50732421875,False,43.50732421875,False,43.5078125
single_pron,arctic_a0261,False,26.00146484375,False,23.001953125,False,26.00146484375,False,23.00146484375
single_pron,arctic_a0262,False,41.29833984375,False,41.29736328125,False,41.2978515625,False,41.2978515625
single_pron,arctic_a0263,False,35.45166015625,False,35.45166015625,False,35.45263671875,False,35.4521484375
single_pron,arctic_a0264,False,43.82373046875,False,43.82470703125,False,43.82373046875,False,43.82373046875
single_pron,arctic_a0265,False,31.6396484375,False,31.63916015625,False,31.63916015625,False,31.6396484375
single_pron,arctic_a0266,False,19.9990234375,False,16.9990234375,False,19.99951171875,False,16.9990234375
single_pron,arctic_a0267,False,41.0009765625,False,41.0009765625,False,41.0009765625,False,41.0009765625
single_pron,arctic_a0268,False,32.1435546875,False,32.1435546875,False,32.14306640625,False,32.1435546875
single_pron,arctic_a0269,False,19.8818359375,False,19.88134765625,False,19.8818359375,False,19.880859375
single_pron,arctic_a0270,False,33.9990234375,False,33.9990234375,False,33.9990234375,False,33.9990234375
single_pron,arctic_a0271,False,40.17724609375,False,40.17724609375,False,40.177734375,False,40.177734375
single_pron,arctic_a0272,False,42.8623046875,False,42.8623046875,False,42.8623046875,False,42.8623046875
single_pron,arctic_a0273,False,43.33056640625,False,43.33056640625,False,43.330078125,False,43.330078125
single_pron,arctic_a0274,False,23.9970703125,False,20.9970703125,False,23.9970703125,False,20.9970703125
single_pron,arctic_a0275,False,45.02783203125,False,45.02783203125,False,45.02783203125,False,45.0283203125
single_pron,arctic_a0276,False,25.99951171875,False,25.99462890625,False,26.0,False,25.994140625
single_pron,arctic_a0277,False,45.6416015625,False,45.640625,False,45.640625,False,45.64111328125
single_pron,arctic_a0278,False,51.947265625,False,51.947265625,False,51.9482421875,False,51.947265625
single_pron,arctic_a0279,False,29.10595703125,False,29.1064453125,False,29.10546875,False,29.1064453125
single_pron,arctic_a0280,False,26.037109375,False,23.03662109375,False,26.037109375,False,23.03662109375
single_pron,arctic_a0281,False,30.0048828125,False,30.00537109375,False,30.00537109375,False,30.0048828125
single_pron,arctic_a0282,False,40.884765625,False,40.88525390625,False,40.88427734375,False,40.884765625
single_pron,arctic_a0283,False,30.5302734375,False,16.7724609375,False,30.5302734375,False,16.7734375
single_pron,arctic_a0284,True,0.0,True,0.0,True,0.0,True,0.0
single_pron,arctic_a0285,True,0.0,True,0.0,True,0.0,True,0.0
single_pron,arctic_a0286,False,35.61962890625,False,35.61962890625,False,35.61962890625,False,35.619140625
single_pron,arctic_a0287,False,29.96484375,False,29.96484375,False,29.96533203125,False,29.96533203125
single_pron,arctic_a0288,False,19.046875,False,16.04638671875,False,19.0458984375,False,16.04638671875
single_pron,arctic_a0289,False,38.013671875,False,38.01416015625,False,38.0146484375,False,38.013671875
single_pron,arctic_a0290,False,37.6640625,False,37.6640625,False,37.6630859375,False,37.6640625
single_pron,arctic_a0291,False,32.9814453125,False,32.98095703125,False,32.982421875,False,32.98193359375
single_pron,arctic_a0292,False,30.541015625,False,30.541015625,False,30.5400390625,False,30.54052734375
single_pron,arctic_a0293,False,19.1240234375,False,16.125,False,19.125,False,16.125
single_pron,arctic_a0294,False,19.658203125,False,13.830078125,False,19.658203125,False,13.8291015625
single_pron,arctic_a0295,False,23.923828125,False,20.923828125,False,23.923828125,False,20.9248046875
single_pron,arctic_a0296,False,41.2353515625,False,41.2353515625,False,41.2353515625,False,41.234375
single_pron,arctic_a0297,False,19.89453125,False,16.89453125,False,19.89453125,False,16.8955078125
single_pron,arctic_a0298,False,44.7890625,False,44.7890625,False,44.7890625,False,44.7890625
single_pron,arctic_a0299,True,0.0,True,0.0,True,0.0,True,0.0
single_pron,arctic_a0300,False,39.2490234375,False,39.2490234375,False,39.2490234375,False,39.2490234375
single_pron,arctic_a0301,True,0.0,True,0.0,True,0.0,True,0.0
single_pron,arctic_a0302,False,23.0009765625,False,20.0,False,23.0009765625,False,20.0
single_pron,arctic_a0303,False,36.517578125,False,36.517578125,False,36.5166015625,False,36.517578125
single_pron,arctic_a0304,False,26.0927734375,False,23.09375,False,26.0927734375,False,23.0927734375
single_pron,arctic_a0305,False,19.8349609375,False,16.8349609375,False,19.8359375,False,16.8349609375
single_pron,arctic_a0306,False,32.7890625,False,32.7880859375,False,32.7890625,False,32.7890625
single_pron,arctic_a0307,False,40.162109375,False,40.162109375,False,40.162109375,False,40.162109375
single_pron,arctic_a0308,False,24.19140625,False,24.1923828125,False,24.19140625,False,24.1923828125
single_pron,arctic_a0309,False,45.375,False,45.3740234375,False,45.375,False,45.3740234375
single_pron,arctic_a0310,False,43.0498046875,False,43.0498046875,False,43.048828125,False,43.0498046875
single_pron,arctic_a0311,False,38.8837890625,False,38.884765625,False,38.884765625,False,38.884765625
single_pron,arctic_a0312,False,22.00390625,False,19.00390625,False,22.00390625,False,19.00390625
single_pron,arctic_a0313,False,36.916015625,False,36.9150390625,False,36.916015625,False,36.9150390625
single_pron,arctic_a0314,True,0.0,True,0.0,True,0.0,True,0.0
single_pron,arctic_a0315,True,0.0,True,0.0,True,0.0,True,0.0
single_pron,arctic_a0316,False,20.80078125,False,17.8017578125,False,20.80078125,False,17.80078125
single_pron,arctic_a0317,False,39.1708984375,False,39.169921875,False,39.1708984375,False,39.1708984375
single_pron,arctic_a0318,False,19.7431640625,False,16.0439453125,False,19.7421875,False,16.0439453125
single_pron,arctic_a0319,False,43.46484375,False,43.4658203125,False,43.4658203125,False,43.4658203125
single_pron,arctic_a0320,False,20.828125,False,17.3154296875,False,20.828125,False,17.3154296875
single_pron,arctic_a0321,False,16.1826171875,False,13.18359375,False,16.181640625,False,13.1826171875
single_pron,arctic_a0322,False,18.8251953125,False,15.8251953125,False,18.826171875,False,15.826171875
single_pron,arctic_a0323,False,18.14453125,False,15.14453125,False,18.14453125,False,15.1435546875
single_pron,arctic_a0324,True,0.0,True,0.0,True,0.0,True,0.0
single_pron,arctic_a0325,False,33.193359375,False,33.1923828125,False,33.193359375,False,33.193359375
single_pron,arctic_a0326,False,16.994140625,False,13.994140625,False,16.9931640625,False,13.994140625
single_pron,arctic_a0327,True,0.0,True,0.0,True,0.0,True,0.0
single_pron,arctic_a0328,False,20.98046875,False,17.9814453125,False,20.9814453125,False,17.9814453125
single_pron,arctic_a0329,False,41.9794921875,False,41.978515625,False,41.978515625,False,41.978515625
single_pron,arctic_a0330,False,39.6982421875,False,39.69921875,False,39.69921875,False,39.69921875
single_pron,arctic_a0331,False,39.853515625,False,39.853515625,False,39.853515625,False,39.853515625
single_pron,arctic_a0332,False,43.19921875,False,43.1982421875,False,43.19921875,False,43.1982421875
single_pron,arctic_a0333,False,40.5263671875,False,40.5263671875,False,40.525390625,False,40.5263671875
single_pron,arctic_a0334,False,39.240234375,False,39.2412109375,False,39.2412109375,False,39.2412109375
single_pron,arctic_a0335,False,38.169921875,False,38.169921875,False,38.169921875,False,38.169921875
single_pron,arctic_a0336,True,0.0,True,0.0,True,0.0,True,0.0
single_pron,arctic_a0337,False,41.708984375,False,41.7080078125,False,41.7080078125,False,41.7080078125
single_pron,arctic_a0338,False,21.4453125,False,21.4453125,False,21.4453125,False,21.4453125
single_pron,arctic_a0339,False,19.873046875,False,16.8740234375,False,19.8740234375,False,16.8740234375
single_pron,arctic_a0340,False,22.0009765625,False,19.0009765625,False,22.0009765625,False,19.0009765625
single_pron,arctic_a0341,False,37.390625,False,37.3896484375,False,37.3896484375,False,37.3896484375
single_pron,arctic_a0342,False,33.8095703125,False,33.810546875,False,33.810546875,False,33.810546875
single_pron,arctic_a0343,False,43.9853515625,False,43.9853515625,False,43.9853515625,False,43.984375
single_pron,arctic_a0344,False,34.76953125,False,34.7685546875,False,34.76953125,False,34.76953125
single_pron,arctic_a0345,True,0.0,True,0.0,True,0.0,True,0.0
single_pron,arctic_a0346,False,38.806640625,False,38.8076171875,False,38.8056640625,False,38.806640625
single_pron,arctic_a0347,False,33.1044921875,False,33.103515625,False,33.10546875,False,33.1044921875
single_pron,arctic_a0348,False,35.7080078125,False,35.708984375,False,35.7080078125,False,35.708984375
single_pron,arctic_a0349,True,0.0,True,0.0,True,0.0,True,0.0
single_pron,arctic_a0350,True,0.0,True,0.0,True,0.0,True,0.0
single_pron,arctic_a0351,True,0.0,True,0.0,True,0.0,True,0.0
single_pron,arctic_a0352,False,48.1103515625,False,48.1103515625,False,48.109375,False,48.109375
single_pron,arctic_a0353,False,25.841796875,False,25.841796875,False,25.8427734375,False,25.841796875
single_pron,arctic_a0354,False,30.1689453125,False,30.1689453125,False,30.1689453125,False,30.169921875
single_pron,arctic_a0355,False,40.8193359375,False,40.8193359375,False,40.8193359375,False,40.8193359375
single_pron,arctic_a0356,False,22.0458984375,False,19.044921875,False,22.044921875,False,19.044921875
single_pron,arctic_a0357,False,32.3349609375,False,32.3359375,False,32.3359375,False,32.3359375
single_pron,arctic_a0358,False,40.5107421875,False,40.509765625,False,40.509765625,False,40.509765625
single_pron,arctic_a0359,False,40.482421875,False,40.482421875,False,40.482421875,False,40.482421875
single_pron,arctic_a0360,False,39.0166015625,False,39.0166015625,False,39.017578125,False,39.0166015625
single_pron,arctic_a0361,False,34.025390625,False,34.0263671875,False,34.025390625,False,34.0263671875
single_pron,arctic_a0362,False,42.080078125,False,42.0810546875,False,42.080078125,False,42.080078125
single_pron,arctic_a0363,False,33.97265625,False,33.9716796875,False,33.97265625,False,33.97265625
single_pron,arctic_a0364,False,40.3837890625,False,40.3828125,False,40.3837890625,False,40.3828125
single_pron,arctic_a0365,False,19.033203125,False,16.0341796875,False,19.0322265625,False,16.033203125
single_pron,arctic_a0366,False,25.453125,False,25.453125,False,25.4541015625,False,25.4541015625
single_pron,arctic_a0367,False,32.08203125,False,32.0810546875,False,32.08203125,False,32.0810546875
single_pron,arctic_a0368,False,24.9990234375,False,22.0,False,24.9990234375,False,22.0
single_pron,arctic_a0369,False,41.3525390625,False,41.3525390625,False,41.3525390625,False,41.3515625
single_pron,arctic_a0370,False,25.0390625,False,13.966796875,False,25.0400390625,False,13.9677734375
single_pron,arctic_a0371,False,41.80078125,False,41.798828125,False,41.798828125,False,41.798828125
single_pron,arctic_a0372,False,36.7861328125,False,36.7880859375,False,36.787109375,False,36.7880859375
single_pron,arctic_a0373,False,72.9677734375,False,72.9658203125,False,72.9677734375,False,72.9658203125
single_pron,arctic_a0374,False,33.0009765625,False,33.0029296875,False,33.001953125,False,33.001953125
single_pron,arctic_a0375,False,19.0166015625,False,16.015625,False,19.015625,False,16.0166015625
single_pron,arctic_a0376,False,29.0615234375,False,28.2451171875,False,29.0625,False,28.244140625
single_pron,arctic_a0377,False,18.984375,False,15.984375,False,18.984375,False,15.984375
single_pron,arctic_a0378,False,39.998046875,False,39.9970703125,False,39.99609375,False,39.998046875
single_pron,arctic_a0379,False,40.119140625,False,40.119140625,False,40.119140625,False,40.119140625
single_pron,arctic_a0380,False,26.0166015625,False,26.015625,False,26.017578125,False,26.015625
single_pron,arctic_a0381,False,40.404296875,False,40.40625,False,40.404296875,False,40.404296875
single_pron,arctic_a0382,False,41.904296875,False,41.9033203125,False,41.9052734375,False,41.9052734375
single_pron,arctic_a0383,True,0.0,True,0.0,True,0.0,True,0.0
single_pron,arctic_a0384,False,36.5849609375,False,36.5849609375,False,36.5849609375,False,36.5849609375
single_pron,arctic_a0385,False,36.0166015625,False,36.015625,False,36.0146484375,False,36.015625
single_pron,arctic_a0386,False,37.990234375,False,37.9921875,False,37.9912109375,False,37.9921875
single_pron,arctic_a0387,True,0.0,True,0.0,True,0.0,True,0.0
single_pron,arctic_a0388,True,0.0,True,0.0,True,0.0,True,0.0
single_pron,arctic_a0389,False,39.888671875,False,39.8876953125,False,39.888671875,False,39.88671875
single_pron,arctic_a0390,False,41.1337890625,False,41.1337890625,False,41.1337890625,False,41.134765625
single_pron,arctic_a0391,False,21.08203125,False,21.08203125,False,21.08203125,False,21.08203125
single_pron,arctic_a0392,False,38.4365234375,False,38.4365234375,False,38.4365234375,False,38.4365234375
single_pron,arctic_a0393,False,21.9990234375,False,18.9990234375,False,21.9990234375,False,18.9990234375
single_pron,arctic_a0394,False,45.455078125,False,45.455078125,False,45.4541015625,False,45.455078125
single_pron,arctic_a0395,False,36.4501953125,False,36.44921875,False,36.4501953125,False,36.44921875
single_pron,arctic_a0396,False,41.2421875,False,41.244140625,False,41.2431640625,False,41.244140625
single_pron,arctic_a0397,False,38.29296875,False,38.29296875,False,38.29296875,False,38.2919921875
single_pron,arctic_a0398,False,42.318359375,False,42.318359375,False,42.318359375,False,42.318359375
single_pron,arctic_a0399,False,48.0986328125,False,48.09765625,False,48.0986328125,False,48.0986328125
single_pron,arctic_a0400,False,41.005859375,False,41.005859375,False,41.0048828125,False,41.005859375
single_pron,arctic_a0401,False,36.0009765625,False,36.0009765625,False,36.001953125,False,36.0009765625
single_pron,arctic_a0402,False,34.201171875,False,34.201171875,False,34.201171875,False,34.201171875
single_pron,arctic_a0403,False,34.841796875,False,34.841796875,False,34.8427734375,False,34.841796875
single_pron,arctic_a0404,False,19.0009765625,False,16.0,False,19.0,False,16.0
single_pron,arctic_a0405,True,0.0,True,0.0,True,0.0,True,0.0
single_pron,arctic_a0406,False,33.9609375,False,33.9619140625,False,33.9609375,False,33.9619140625
single_pron,arctic_a0407,False,45.2451171875,False,45.244140625,False,45.244140625,False,45.244140625
single_pron,arctic_a0408,True,0.0,True,0.0,True,0.0,True,0.0
single_pron,arctic_a0409,False,30.8466796875,False,30.84765625,False,30.84765625,False,30.84765625
single_pron,arctic_a0410,False,32.814453125,False,32.814453125,False,32.814453125,False,32.8134765625
single_pron,arctic_a0411,False,25.3154296875,False,25.314453125,False,25.3154296875,False,25.3154296875
single_pron,arctic_a0412,False,19.6240234375,False,16.625,False,19.623046875,False,16.625
single_pron,arctic_a0413,True,0.0,True,0.0,True,0.0,True,0.0
single_pron,arctic_a0414,False,33.4052734375,False,33.4052734375,False,33.40625,False,33.404296875
single_pron,arctic_a0415,False,23.01953125,False,20.0048828125,False,23.0205078125,False,20.005859375
single_pron,arctic_a0416,False,40.310546875,False,40.3095703125,False,40.3095703125,False,40.3095703125
single_pron,arctic_a0417,False,40.1240234375,False,40.1240234375,False,40.1240234375,False,40.1240234375
single_pron,arctic_a0418,False,28.5009765625,False,28.5,False,25.5009765625,False,25.5
single_pron,arctic_a0419,False,25.822265625,False,25.82421875,False,25.822265625,False,25.8232421875
single_pron,arctic_a0420,False,37.8330078125,False,37.83203125,False,37.833984375,False,37.8330078125
single_pron,arctic_a0421,False,20.001953125,False,20.001953125,False,20.001953125,False,20.001953125
single_pron,arctic_a0422,False,41.0341796875,False,41.03515625,False,41.033203125,False,41.033203125
single_pron,arctic_a0423,False,42.96875,False,42.9677734375,False,42.96875,False,42.9697265625
single_pron,arctic_a0424,False,33.98046875,False,21.98046875,False,33.9794921875,False,21.98046875
single_pron,arctic_a0425,True,0.0,True,0.0,True,0.0,True,0.0
single_pron,arctic_a0426,False,39.1064453125,False,39.1064453125,False,39.107421875,False,39.1064453125
single_pron,arctic_a0427,False,42.568359375,False,42.568359375,False,42.568359375,False,42.568359375
single_pron,arctic_a0428,True,0.0,True,0.0,True,0.0,True,0.0
single_pron,arctic_a0429,False,20.0,False,17.0,False,20.0,False,17.0
single_pron,arctic_a0430,False,21.9912109375,False,18.990234375,False,21.9912109375,False,18.990234375
single_pron,arctic_a0431,False,25.01953125,False,25.0205078125,False,25.01953125,False,25.0205078125
single_pron,arctic_a0432,False,34.6416015625,False,34.6416015625,False,34.6416015625,False,34.6416015625
single_pron,arctic_a0433,False,44.1279296875,False,44.126953125,False,44.1279296875,False,44.126953125
single_pron,arctic_a0434,False,24.251953125,False,24.2529296875,False,24.251953125,False,24.2529296875
single_pron,arctic_a0435,False,22.994140625,False,18.4033203125,False,22.994140625,False,18.4033203125
single_pron,arctic_a0436,False,41.501953125,False,41.501953125,False,41.501953125,False,41.5009765625
single_pron,arctic_a0437,False,38.6181640625,False,38.6181640625,False,38.6181640625,False,38.619140625
single_pron,arctic_a0438,True,0.0,True,0.0,True,0.0,True,0.0
single_pron,arctic_a0439,True,0.0,True,0.0,True,0.0,True,0.0
single_pron,arctic_a0440,False,27.0302734375,False,27.0302734375,False,27.03125,False,27.0302734375
single_pron,arctic_a0441,False,34.109375,False,34.109375,False,34.1083984375,False,34.109375
single_pron,arctic_a0442,False,29.88671875,False,29.88671875,False,29.8876953125,False,29.88671875
single_pron,arctic_a0443,False,28.197265625,False,28.197265625,False,28.1962890625,False,28.197265625
single_pron,arctic_a0444,False,40.6611328125,False,40.6611328125,False,40.6611328125,False,40.6611328125
single_pron,arctic_a0445,False,26.03125,False,26.03125,False,26.0302734375,False,26.0302734375
single_pron,arctic_a0446,False,24.1708984375,False,24.1708984375,False,24.171875,False,24.1708984375
single_pron,arctic_a0447,False,43.3369140625,False,43.3369140625,False,43.337890625,False,43.337890625
single_pron,arctic_a0448,False,35.0009765625,False,24.0009765625,False,35.0,False,24.0009765625
single_pron,arctic_a0449,False,43.3642578125,False,43.3642578125,False,43.36328125,False,43.36328125
single_pron,arctic_a0450,True,0.0,True,0.0,True,0.0,True,0.0
single_pron,arctic_a0451,True,0.0,True,0.0,True,0.0,True,0.0
single_pron,arctic_a0452,False,28.3125,False,28.3125,False,28.3134765625,False,28.3134765625
single_pron,arctic_a0453,False,42.9013671875,False,42.9013671875,False,42.9013671875,False,42.9013671875
single_pron,arctic_a0454,False,32.79296875,False,32.79296875,False,32.79296875,False,32.79296875
single_pron,arctic_a0455,False,47.978515625,False,47.978515625,False,47.9775390625,False,47.9775390625
single_pron,arctic_a0456,False,20.388671875,False,17.388671875,False,20.390625,False,17.3896484375
single_pron,arctic_a0457,False,22.171875,False,22.171875,False,22.1708984375,False,22.171875
single_pron,arctic_a0458,False,38.9384765625,False,38.9384765625,False,38.9375,False,38.9375
single_pron,arctic_a0459,False,35.71484375,False,35.71484375,False,35.71484375,False,35.71484375
single_pron,arctic_a0460,False,25.9990234375,False,22.9990234375,False,26.0,False,23.0
single_pron,arctic_a0461,False,9.357421875,False,6.357421875,False,3.0,False,0.0
single_pron,arctic_a0462,False,27.986328125,False,27.986328125,False,27.986328125,False,27.986328125
single_pron,arctic_a0463,False,26.0859375,False,26.0859375,False,26.0859375,False,26.0859375
single_pron,arctic_a0464,False,29.9658203125,False,29.9658203125,False,29.96484375,False,29.96484375
single_pron,arctic_a0465,False,30.2939453125,False,30.2939453125,False,30.2939453125,False,30.2939453125
single_pron,arctic_a0466,False,33.3564453125,False,33.3564453125,False,33.357421875,False,33.3564453125
single_pron,arctic_a0467,False,44.7724609375,False,44.7724609375,False,44.771484375,False,44.7724609375
single_pron,arctic_a0468,False,23.01953125,False,20.01953125,False,23.0205078125,False,20.01953125
single_pron,arctic_a0469,False,36.03515625,False,36.03515625,False,36.03515625,False,36.03515625
single_pron,arctic_a0470,False,31.009765625,False,31.009765625,False,31.009765625,False,31.009765625
single_pron,arctic_a0471,False,34.154296875,False,34.154296875,False,34.154296875,False,34.1533203125
single_pron,arctic_a0472,False,36.1044921875,False,36.1044921875,False,36.103515625,False,36.10546875
single_pron,arctic_a0473,False,37.5712890625,False,37.5712890625,False,37.572265625,False,37.5712890625
single_pron,arctic_a0474,False,42.1962890625,False,42.1962890625,False,42.1953125,False,42.1962890625
single_pron,arctic_a0475,False,22.072265625,False,15.072265625,False,22.0732421875,False,15.072265625
single_pron,arctic_a0476,False,43.0556640625,False,43.056640625,False,43.0556640625,False,43.056640625
single_pron,arctic_a0477,False,35.7626953125,False,35.7626953125,False,35.76171875,False,35.76171875
single_pron,arctic_a0478,False,44.96875,False,44.96875,False,44.96875,False,44.96875
single_pron,arctic_a0479,False,42.9306640625,False,42.9296875,False,42.931640625,False,42.9306640625
single_pron,arctic_a0480,False,37.36328125,False,37.3642578125,False,37.36328125,False,37.36328125
single_pron,arctic_a0481,False,23.025390625,False,22.4677734375,False,23.0244140625,False,22.4677734375
single_pron,arctic_a0482,False,31.876953125,False,31.8759765625,False,31.876953125,False,31.876953125
single_pron,arctic_a0483,False,20.0,False,17.0,False,20.0,False,17.0
single_pron,arctic_a0484,True,0.0,True,0.0,True,0.0,True,0.0
single_pron,arctic_a0485,False,39.98828125,False,39.98828125,False,39.98828125,False,39.98828125
single_pron,arctic_a0486,False,37.951171875,False,37.951171875,False,37.951171875,False,37.951171875
single_pron,arctic_a0487,False,20.5205078125,False,17.5224609375,False,20.521484375,False,17.521484375
single_pron,arctic_a0488,False,20.033203125,False,17.033203125,False,20.033203125,False,17.033203125
single_pron,arctic_a0489,False,19.984375,False,18.974609375,False,19.9833984375,False,18.9755859375
single_pron,arctic_a0490,False,19.720703125,False,16.7216796875,False,19.7216796875,False,16.720703125
single_pron,arctic_a0491,False,40.693359375,False,40.693359375,False,40.6923828125,False,40.6943359375
single_pron,arctic_a0492,False,39.2333984375,False,39.2333984375,False,39.234375,False,39.232421875
single_pron,arctic_a0493,True,0.0,True,0.0,True,0.0,True,0.0
single_pron,arctic_a0494,False,41.12109375,False,41.1201171875,False,41.12109375,False,41.12109375
single_pron,arctic_a0495,False,16.009765625,False,15.5810546875,False,16.009765625,False,15.58203125
single_pron,arctic_a0496,False,41.6142578125,False,41.615234375,False,41.61328125,False,41.61328125
single_pron,arctic_a0497,False,37.75,False,37.7490234375,False,37.75,False,37.75
single_pron,arctic_a0498,False,18.5810546875,False,18.58203125,False,18.5810546875,False,18.5810546875
single_pron,arctic_a0499,True,0.0,True,0.0,True,0.0,True,0.0
single_pron,arctic_a0500,False,34.0185546875,False,34.017578125,False,34.0185546875,False,34.0185546875
single_pron,arctic_a0501,False,32.982421875,False,32.982421875,False,32.9833984375,False,32.982421875
single_pron,arctic_a0502,True,0.0,True,0.0,True,0.0,True,0.0
single_pron,arctic_a0503,False,31.3740234375,False,31.3759765625,False,31.3740234375,False,31.375
single_pron,arctic_a0504,True,0.0,True,0.0,True,0.0,True,0.0
single_pron,arctic_a0505,False,43.6279296875,False,43.6259765625,False,43.626953125,False,43.626953125
single_pron,arctic_a0506,False,26.23046875,False,26.2314453125,False,23.23046875,False,23.23046875
single_pron,arctic_a0507,True,0.0,True,0.0,True,0.0,True,0.0
single_pron,arctic_a0508,False,20.185546875,False,20.185546875,False,17.185546875,False,17.185546875
single_pron,arctic_a0509,False,31.994140625,False,19.0888671875,False,31.994140625,False,19.08984375
single_pron,arctic_a0510,False,32.5283203125,False,32.5283203125,False,32.529296875,False,32.529296875
single_pron,arctic_a0511,False,37.833984375,False,37.833984375,False,37.833984375,False,37.833984375
single_pron,arctic_a0512,False,21.5537109375,False,18.5546875,False,21.552734375,False,18.552734375
single_pron,arctic_a0513,False,41.0546875,False,41.0537109375,False,41.0546875,False,41.0546875
single_pron,arctic_a0514,False,21.90625,False,18.9072265625,False,21.90625,False,18.90625
single_pron,arctic_a0515,False,31.8818359375,False,31.880859375,False,31.8818359375,False,31.8818359375
single_pron,arctic_a0516,False,26.33203125,False,26.3330078125,False,26.33203125,False,26.33203125
single_pron,arctic_a0517,False,36.9990234375,False,36.9990234375,False,37.0,False,36.9990234375
single_pron,arctic_a0518,False,33.0947265625,False,33.09375,False,33.09375,False,33.0947265625
single_pron,arctic_a0519,False,24.09375,False,24.0947265625,False,24.0947265625,False,24.0947265625
single_pron,arctic_a0520,True,0.0,True,0.0,True,0.0,True,0.0
single_pron,arctic_a0521,False,39.849609375,False,39.8486328125,False,39.8486328125,False,39.8486328125
single_pron,arctic_a0522,False,37.07421875,False,37.07421875,False,37.0751953125,False,37.0751953125
single_pron,arctic_a0523,False,21.04296875,False,21.04296875,False,21.0419921875,False,21.0419921875
single_pron,arctic_a0524,False,11.8642578125,False,8.865234375,False,11.8642578125,False,8.8642578125
single_pron,arctic_a0525,True,0.0,True,0.0,True,0.0,True,0.0
single_pron,arctic_a0526,False,41.740234375,False,41.7392578125,False,41.740234375,False,41.740234375
single_pron,arctic_a0527,False,36.630859375,False,36.630859375,False,36.630859375,False,36.630859375
single_pron,arctic_a0528,False,33.9423828125,False,20.0078125,False,33.943359375,False,20.0078125
single_pron,arctic_a0529,False,38.2626953125,False,38.2626953125,False,38.26171875,False,38.26171875
single_pron,arctic_a0530,True,0.0,True,0.0,True,0.0,True,0.0
single_pron,arctic_a0531,False,33.921875,False,33.921875,False,33.921875,False,33.921875
single_pron,arctic_a0532,True,0.0,True,0.0,True,0.0,True,0.0
single_pron,arctic_a0533,True,0.0,True,0.0,True,0.0,True,0.0
single_pron,arctic_a0534,False,34.1982421875,False,34.1953125,False,34.1982421875,False,34.197265625
single_pron,arctic_a0535,False,44.6845703125,False,44.685546875,False,44.6845703125,False,44.685546875
single_pron,arctic_a0536,False,13.8125,False,10.8134765625,False,13.8125,False,10.8115234375
single_pron,arctic_a0537,True,0.0,True,0.0,True,0.0,True,0.0
single_pron,arctic_a0538,False,24.7646484375,False,24.7626953125,False,24.765625,False,24.763671875
single_pron,arctic_a0539,False,28.9384765625,False,28.9375,False,28.9375,False,28.9375
single_pron,arctic_a0540,False,40.0517578125,False,40.0517578125,False,40.052734375,False,40.052734375
single_pron,arctic_a0541,False,40.005859375,False,40.0068359375,False,40.005859375,False,40.005859375
single_pron,arctic_a0542,False,20.98828125,False,17.98828125,False,20.9873046875,False,17.9873046875
single_pron,arctic_a0543,False,46.40234375,False,46.40234375,False,46.40234375,False,46.40234375
single_pron,arctic_a0544,False,24.955078125,False,11.94921875,False,24.955078125,False,11.9501953125
single_pron,arctic_a0545,False,29.845703125,False,29.845703125,False,29.8466796875,False,29.8466796875
single_pron,arctic_a0546,False,25.1171875,False,25.1171875,False,25.1171875,False,25.115234375
single_pron,arctic_a0547,False,28.458984375,False,28.458984375,False,28.458984375,False,28.458984375
single_pron,arctic_a0548,False,39.998046875,False,39.998046875,False,39.998046875,False,39.998046875
single_pron,arctic_a0549,False,35.0390625,False,35.0380859375,False,35.0380859375,False,35.0390625
single_pron,arctic_a0550,False,39.0947265625,False,39.0947265625,False,39.0947265625,False,39.0947265625
single_pron,arctic_a0551,False,34.1982421875,False,34.19921875,False,34.19921875,False,34.19921875
single_pron,arctic_a0552,False,39.4140625,False,39.4130859375,False,39.4130859375,False,39.4140625
single_pron,arctic_a0553,False,43.9560546875,False,43.9560546875,False,43.9560546875,False,43.9560546875
single_pron,arctic_a0554,False,40.169921875,False,40.169921875,False,40.169921875,False,40.1689453125
single_pron,arctic_a0555,True,0.0,True,0.0,True,0.0,True,0.0
single_pron,arctic_a0556,False,35.1044921875,False,35.1044921875,False,35.1044921875,False,35.1044921875
single_pron,arctic_a0557,False,17.166015625,False,14.166015625,False,17.166015625,False,14.166015625
single_pron,arctic_a0558,True,0.0,True,0.0,True,0.0,True,0.0
single_pron,arctic_a0559,False,36.853515625,False,36.853515625,False,36.853515625,False,36.853515625
single_pron,arctic_a0560,False,15.61328125,False,12.6123046875,False,15.61328125,False,12.61328125
single_pron,arctic_a0561,False,40.3388671875,False,40.33984375,False,40.33984375,False,40.3388671875
single_pron,arctic_a0562,False,39.388671875,False,39.38671875,False,39.3876953125,False,39.3876953125
single_pron,arctic_a0563,True,0.0,True,0.0,True,0.0,True,0.0
single_pron,arctic_a0564,False,33.44140625,False,33.4423828125,False,33.44140625,False,33.4423828125
single_pron,arctic_a0565,False,38.2255859375,False,38.2255859375,False,38.2265625,False,38.224609375
single_pron,arctic_a0566,True,0.0,True,0.0,True,0.0,True,0.0
single_pron,arctic_a0567,False,33.9716796875,False,33.97265625,False,33.970703125,False,33.97265625
single_pron,arctic_a0568,False,26.935546875,False,26.935546875,False,26.935546875,False,26.9345703125
single_pron,arctic_a0569,False,45.05859375,False,45.05859375,False,45.05859375,False,45.05859375
single_pron,arctic_a0570,False,41.1142578125,False,41.11328125,False,41.115234375,False,41.115234375
single_pron,arctic_a0571,False,16.98828125,False,13.98828125,False,16.98828125,False,13.9873046875
single_pron,arctic_a0572,False,26.427734375,False,23.083984375,False,26.427734375,False,23.0830078125
single_pron,arctic_a0573,True,0.0,True,0.0,True,0.0,True,0.0
single_pron,arctic_a0574,True,0.0,True,0.0,True,0.0,True,0.0
single_pron,arctic_a0575,False,39.001953125,False,39.001953125,False,39.001953125,False,39.001953125
single_pron,arctic_a0576,False,23.978515625,False,20.978515625,False,23.978515625,False,20.978515625
single_pron,arctic_a0577,False,21.19140625,False,18.1904296875,False,21.19140625,False,18.19140625
single_pron,arctic_a0578,False,19.87109375,False,16.87109375,False,19.87109375,False,16.87109375
single_pron,arctic_a0579,True,0.0,True,0.0,True,0.0,True,0.0
single_pron,arctic_a0580,False,30.89453125,False,30.8955078125,False,30.89453125,False,30.89453125
single_pron,arctic_a0581,True,0.0,True,0.0,True,0.0,True,0.0
single_pron,arctic_a0582,False,38.775390625,False,38.7744140625,False,38.775390625,False,38.7763671875
single_pron,arctic_a0583,True,0.0,True,0.0,True,0.0,True,0.0
single_pron,arctic_a0584,True,0.0,True,0.0,True,0.0,True,0.0
single_pron,arctic_a0585,False,36.302734375,False,36.3017578125,False,36.30078125,False,36.3017578125
single_pron,arctic_a0586,False,34.982421875,False,34.9833984375,False,34.982421875,False,34.982421875
single_pron,arctic_a0587,True,0.0,False,14.5830078125,True,0.0,False,14.58203125
single_pron,arctic_a0588,False,16.259765625,False,16.26171875,False,16.26171875,False,16.2626953125
single_pron,arctic_a0589,True,0.0,True,0.0,True,0.0,True,0.0
single_pron,arctic_a0590,False,42.94921875,False,42.94921875,False,42.94921875,False,42.94921875
single_pron,arctic_a0591,False,41.123046875,False,41.12109375,False,41.12109375,False,41.12109375
single_pron,arctic_a0592,False,34.998046875,False,35.0,False,35.0,False,35.0
single_pron,arctic_a0593,False,15.701171875,False,15.7001953125,False,15.701171875,False,15.7001953125
single_pron,arctic_b0001,False,31.796875,False,31.7978515625,False,31.796875,False,31.796875
single_pron,arctic_b0002,False,43.697265625,False,43.697265625,False,43.697265625,False,43.697265625
single_pron,arctic_b0003,False,45.96875,False,45.96875,False,45.96875,False,45.9697265625
single_pron,arctic_b0004,False,42.806640625,False,42.806640625,False,42.806640625,False,42.8056640625
single_pron,arctic_b0005,False,20.021484375,False,17.01953125,False,20.021484375,False,17.021484375
single_pron,arctic_b0006,True,0.0,True,0.0,True,0.0,True,0.0
single_pron,arctic_b0007,False,36.111328125,False,36.111328125,False,36.111328125,False,36.111328125
single_pron,arctic_b0008,False,42.451171875,False,42.451171875,False,42.451171875,False,42.44921875
single_pron,arctic_b0009,False,57.44921875,False,57.44921875,False,57.44921875,False,57.451171875
single_pron,arctic_b0010,False,34.951171875,False,34.951171875,False,34.951171875,False,34.951171875
single_pron,arctic_b0011,True,0.0,True,0.0,True,0.0,True,0.0
single_pron,arctic_b0012,False,31.99609375,False,31.99609375,False,31.99609375,False,31.99609375
single_pron,arctic_b0013,False,44.416015625,False,44.416015625,False,44.416015625,False,44.416015625
single_pron,arctic_b0014,False,31.99609375,False,31.99609375,False,31.99609375,False,31.994140625
single_pron,arctic_b0015,False,43.236328125,False,43.236328125,False,43.236328125,False,43.23828125
single_pron,arctic_b0016,False,31.67578125,False,31.673828125,False,31.67578125,False,31.673828125
single_pron,arctic_b0017,False,36.017578125,False,36.01953125,False,36.015625,False,36.01953125
single_pron,arctic_b0018,False,47.05859375,False,47.05859375,False,47.060546875,False,47.05859375
single_pron,arctic_b0019,True,0.0,True,0.0,True,0.0,True,0.0
single_pron,arctic_b0020,False,41.494140625,False,41.494140625,False,41.494140625,False,41.494140625
single_pron,arctic_b0021,False,36.52734375,False,36.525390625,False,36.52734375,False,36.525390625
single_pron,arctic_b0022,False,40.091796875,False,40.091796875,False,40.091796875,False,40.091796875
single_pron,arctic_b0023,False,34.994140625,False,34.99609375,False,34.994140625,False,34.99609375
single_pron,arctic_b0024,False,45.923828125,False,45.923828125,False,45.923828125,False,45.921875
single_pron,arctic_b0025,False,35.310546875,False,35.310546875,False,35.310546875,False,35.3125
single_pron,arctic_b0026,False,43.015625,False,43.015625,False,43.015625,False,43.013671875
single_pron,arctic_b0027,False,36.083984375,False,36.083984375,False,36.083984375,False,36.0859375
single_pron,arctic_b0028,False,46.318359375,False,46.31640625,False,46.31640625,False,46.31640625
single_pron,arctic_b0029,False,42.126953125,False,42.12890625,False,42.126953125,False,42.12890625
single_pron,arctic_b0030,False,11.0,False,8.0,False,11.001953125,False,7.998046875
single_pron,arctic_b0031,True,0.0,True,0.0,True,0.0,True,0.0
single_pron,arctic_b0032,False,28.619140625,False,28.619140625,False,28.619140625,False,28.62109375
single_pron,arctic_b0033,True,0.0,True,0.0,True,0.0,True,0.0
single_pron,arctic_b0034,False,39.462890625,False,39.462890625,False,39.462890625,False,39.4609375
single_pron,arctic_b0035,False,23.58984375,False,20.587890625,False,23.587890625,False,20.58984375
single_pron,arctic_b0036,False,17.421875,False,14.423828125,False,17.423828125,False,14.423828125
single_pron,arctic_b0037,True,0.0,True,0.0,True,0.0,True,0.0
single_pron,arctic_b0038,False,7.994140625,False,4.994140625,False,7.994140625,False,4.994140625
single_pron,arctic_b0039,False,11.1171875,False,11.119140625,False,5.8984375,False,5.8984375
single_pron,arctic_b0040,False,34.017578125,False,34.015625,False,34.017578125,False,34.015625
single_pron,arctic_b0041,False,38.87890625,False,38.87890625,False,38.876953125,False,38.87890625
single_pron,arctic_b0042,False,25.65625,False,25.654296875,False,25.65625,False,25.65625
single_pron,arctic_b0043,False,48.595703125,False,48.59765625,False,48.595703125,False,48.595703125
single_pron,arctic_b0044,False,17.01171875,False,14.013671875,False,17.013671875,False,14.013671875
single_pron,arctic_b0045,False,17.07421875,False,14.072265625,False,17.07421875,False,14.072265625
single_pron,arctic_b0046,False,33.0703125,False,33.068359375,False,33.068359375,False,33.068359375
single_pron,arctic_b0047,False,34.525390625,False,34.52734375,False,34.525390625,False,34.52734375
single_pron,arctic_b0048,False,40.291015625,False,40.29296875,False,40.29296875,False,40.29296875
single_pron,arctic_b0049,True,0.0,True,0.0,True,0.0,True,0.0
single_pron,arctic_b0050,False,43.208984375,False,43.20703125,False,43.208984375,False,43.20703125
single_pron,arctic_b0051,False,47.14453125,False,47.142578125,False,47.142578125,False,47.14453125
single_pron,arctic_b0052,True,0.0,True,0.0,True,0.0,True,0.0
single_pron,arctic_b0053,False,19.818359375,False,16.806640625,False,19.818359375,False,16.8046875
single_pron,arctic_b0054,False,18.85546875,False,18.794921875,False,18.85546875,False,18.794921875
single_pron,arctic_b0055,True,0.0,True,0.0,True,0.0,True,0.0
single_pron,arctic_b0056,False,43.05859375,False,43.05859375,False,43.05859375,False,43.05859375
single_pron,arctic_b0057,False,22.58984375,False,22.58984375,False,22.58984375,False,22.58984375
single_pron,arctic_b0058,False,39.525390625,False,39.525390625,False,39.525390625,False,39.52734375
single_pron,arctic_b0059,True,0.0,True,0.0,True,0.0,True,0.0
single_pron,arctic_b0060,False,36.787109375,False,36.7890625,False,36.7890625,False,36.787109375
single_pron,arctic_b0061,False,15.30078125,False,12.298828125,False,15.298828125,False,12.30078125
single_pron,arctic_b0062,True,0.0,True,0.0,True,0.0,True,0.0
single_pron,arctic_b0063,False,31.41015625,False,31.41015625,False,31.41015625,False,31.41015625
single_pron,arctic_b0064,False,37.98828125,False,37.990234375,False,37.98828125,False,37.98828125
single_pron,arctic_b0065,False,52.41796875,False,52.41796875,False,52.419921875,False,52.41796875
single_pron,arctic_b0066,False,41.0703125,False,41.0703125,False,41.0703125,False,41.0703125
single_pron,arctic_b0067,False,31.0859375,False,31.083984375,False,31.083984375,False,31.0859375
single_pron,arctic_b0068,False,45.02734375,False,45.029296875,False,45.029296875,False,45.02734375
single_pron,arctic_b0069,False,42.162109375,False,42.16015625,False,42.16015625,False,42.16015625
single_pron,arctic_b0070,True,0.0,True,0.0,True,0.0,True,0.0
single_pron,arctic_b0071,True,0.0,True,0.0,True,0.0,True,0.0
single_pron,arctic_b0072,False,42.48828125,False,42.48828125,False,42.48828125,False,42.48828125
single_pron,arctic_b0073,False,38.130859375,False,38.130859375,False,38.1328125,False,38.130859375
single_pron,arctic_b0074,False,29.95703125,False,29.95703125,False,29.955078125,False,29.958984375
single_pron,arctic_b0075,False,46.96875,False,46.96875,False,46.96875,False,46.966796875
single_pron,arctic_b0076,True,0.0,True,0.0,True,0.0,True,0.0
single_pron,arctic_b0077,False,36.90234375,False,36.904296875,False,36.904296875,False,36.904296875
single_pron,arctic_b0078,False,6.001953125,False,3.0,False,3.0,False,0.0
single_pron,arctic_b0079,False,34.21484375,False,34.21484375,False,34.21484375,False,34.21484375
single_pron,arctic_b0080,False,35.8828125,False,35.8828125,False,35.8828125,False,35.8828125
single_pron,arctic_b0081,False,43.982421875,False,43.982421875,False,43.982421875,False,43.982421875
single_pron,arctic_b0082,False,20.333984375,False,20.3359375,False,20.333984375,False,20.3359375
single_pron,arctic_b0083,True,0.0,True,0.0,True,0.0,True,0.0
single_pron,arctic_b0084,False,41.986328125,False,41.986328125,False,41.986328125,False,41.986328125
single_pron,arctic_b0085,False,28.76171875,False,28.76171875,False,28.763671875,False,28.76171875
single_pron,arctic_b0086,False,21.341796875,False,18.291015625,False,21.33984375,False,18.291015625
single_pron,arctic_b0087,False,38.478515625,False,38.4765625,False,38.478515625,False,38.478515625
single_pron,arctic_b0088,False,36.025390625,False,36.02734375,False,36.025390625,False,36.025390625
single_pron,arctic_b0089,False,23.767578125,False,23.76953125,False,23.76953125,False,23.76953125
single_pron,arctic_b0090,False,6.0625,False,3.060546875,False,7.052734375,False,4.05078125
single_pron,arctic_b0091,False,29.2890625,False,29.2890625,False,29.287109375,False,29.2890625
single_pron,arctic_b0092,False,37.978515625,False,37.978515625,False,37.98046875,False,37.98046875
single_pron,arctic_b0093,False,41.318359375,False,41.3203125,False,41.3203125,False,41.318359375
single_pron,arctic_b0094,False,44.5078125,False,44.5078125,False,44.5078125,False,44.5078125
single_pron,arctic_b0095,False,39.927734375,False,39.92578125,False,39.92578125,False,39.927734375
single_pron,arctic_b0096,False,40.82421875,False,40.82421875,False,40.82421875,False,40.82421875
single_pron,arctic_b0097,False,26.662109375,False,15.529296875,False,26.66015625,False,15.529296875
single_pron,arctic_b0098,False,39.728515625,False,39.73046875,False,39.73046875,False,39.728515625
single_pron,arctic_b0099,False,22.783203125,False,19.783203125,False,22.783203125,False,19.783203125
single_pron,arctic_b0100,False,40.05078125,False,40.05078125,False,40.048828125,False,40.05078125
single_pron,arctic_b0101,False,42.4609375,False,42.4609375,False,42.462890625,False,42.4609375
single_pron,arctic_b0102,False,43.078125,False,43.078125,False,43.076171875,False,43.078125
single_pron,arctic_b0103,False,16.0078125,False,13.0078125,False,16.009765625,False,13.0078125
single_pron,arctic_b0104,False,36.912109375,False,36.91015625,False,36.912109375,False,36.912109375
single_pron,arctic_b0105,False,24.998046875,False,22.001953125,False,24.998046875,False,22.001953125
single_pron,arctic_b0106,False,17.7890625,False,13.546875,False,17.787109375,False,13.546875
single_pron,arctic_b0107,True,0.0,True,0.0,True,0.0,True,0.0
single_pron,arctic_b0108,False,26.0703125,False,26.0703125,False,26.0703125,False,26.0703125
single_pron,arctic_b0109,False,41.373046875,False,41.373046875,False,41.375,False,41.373046875
single_pron,arctic_b0110,False,34.240234375,False,34.2421875,False,34.240234375,False,34.240234375
single_pron,arctic_b0111,False,38.80078125,False,38.798828125,False,38.80078125,False,38.80078125
single_pron,arctic_b0112,False,19.998046875,False,16.998046875,False,19.998046875,False,16.998046875
single_pron,arctic_b0113,True,0.0,True,0.0,True,0.0,True,0.0
single_pron,arctic_b0114,False,38.771484375,False,38.771484375,False,38.76953125,False,38.76953125
single_pron,arctic_b0115,False,28.703125,False,28.705078125,False,28.705078125,False,28.705078125
single_pron,arctic_b0116,False,55.953125,False,55.951171875,False,55.953125,False,55.953125
single_pron,arctic_b0117,True,0.0,True,0.0,True,0.0,True,0.0
single_pron,arctic_b0118,True,0.0,True,0.0,True,0.0,True,0.0
single_pron,arctic_b0119,False,42.0390625,False,42.041015625,False,42.0390625,False,42.0390625
single_pron,arctic_b0120,False,24.0625,False,24.060546875,False,24.0625,False,24.0625
single_pron,arctic_b0121,False,27.08984375,False,27.08984375,False,27.087890625,False,27.08984375
single_pron,arctic_b0122,False,43.173828125,False,43.17578125,False,43.17578125,False,43.173828125
single_pron,arctic_b0123,True,0.0,True,0.0,True,0.0,True,0.0
single_pron,arctic_b0124,False,19.88671875,False,19.884765625,False,19.88671875,False,19.88671875
single_pron,arctic_b0125,False,42.576171875,False,42.578125,False,42.576171875,False,42.576171875
single_pron,arctic_b0126,True,0.0,True,0.0,True,0.0,True,0.0
single_pron,arctic_b0127,False,35.998046875,False,35.99609375,False,35.998046875,False,35.99609375
single_pron,arctic_b0128,False,32.544921875,False,32.544921875,False,32.54296875,False,32.546875
single_pron,arctic_b0129,False,40.7109375,False,40.7109375,False,40.7109375,False,40.708984375
single_pron,arctic_b0130,False,22.1328125,False,18.998046875,False,22.134765625,False,19.0
single_pron,arctic_b0131,False,38.23046875,False,38.23046875,False,38.23046875,False,38.23046875
single_pron,arctic_b0132,False,26.16796875,False,26.16796875,False,26.166015625,False,26.166015625
single_pron,arctic_b0133,False,19.046875,False,16.041015625,False,19.048828125,False,16.04296875
single_pron,arctic_b0134,False,39.01171875,False,39.013671875,False,39.01171875,False,39.01171875
single_pron,arctic_b0135,False,23.732421875,False,23.73046875,False,23.732421875,False,23.732421875
single_pron,arctic_b0136,False,26.8671875,False,26.8671875,False,22.931640625,False,22.931640625
single_pron,arctic_b0137,False,41.150390625,False,41.150390625,False,41.15234375,False,41.150390625
single_pron,arctic_b0138,False,46.83984375,False,46.83984375,False,46.837890625,False,46.83984375
single_pron,arctic_b0139,False,35.775390625,False,35.775390625,False,35.775390625,False,35.775390625
single_pron,arctic_b0140,False,31.61328125,False,31.61328125,False,31.615234375,False,31.61328125
single_pron,arctic_b0141,False,22.041015625,False,19.0390625,False,22.0390625,False,19.0390625
single_pron,arctic_b0142,False,32.689453125,False,32.69140625,False,32.69140625,False,32.69140625
single_pron,arctic_b0143,True,0.0,True,0.0,True,0.0,True,0.0
single_pron,arctic_b0144,True,0.0,True,0.0,True,0.0,True,0.0
single_pron,arctic_b0145,False,19.837890625,False,16.83984375,False,19.837890625,False,16.83984375
single_pron,arctic_b0146,True,0.0,True,0.0,True,0.0,True,0.0
single_pron,arctic_b0147,False,39.236328125,False,39.234375,False,39.236328125,False,39.236328125
single_pron,arctic_b0148,False,20.017578125,False,16.98046875,False,20.017578125,False,16.9765625
single_pron,arctic_b0149,False,39.40234375,False,39.40234375,False,39.40234375,False,39.404296875
single_pron,arctic_b0150,True,0.0,True,0.0,True,0.0,True,0.0
single_pron,arctic_b0151,True,0.0,True,0.0,True,0.0,True,0.0
single_pron,arctic_b0152,False,36.146484375,False,36.14453125,False,36.146484375,False,36.146484375
single_pron,arctic_b0153,False,33.615234375,False,33.615234375,False,33.61328125,False,33.611328125
single_pron,arctic_b0154,False,29.197265625,False,29.197265625,False,29.19921875,False,29.201171875
single_pron,arctic_b0155,False,38.341796875,False,38.34375,False,38.34375,False,38.341796875
single_pron,arctic_b0156,False,28.583984375,False,28.58203125,False,28.58203125,False,28.583984375
single_pron,arctic_b0157,False,42.919921875,False,42.919921875,False,42.91796875,False,42.91796875
single_pron,arctic_b0158,False,20.12890625,False,17.126953125,False,20.126953125,False,17.126953125
single_pron,arctic_b0159,False,30.0859375,False,30.0859375,False,30.0859375,False,30.0859375
single_pron,arctic_b0160,False,23.009765625,False,20.001953125,False,23.013671875,False,20.001953125
single_pron,arctic_b0161,False,43.322265625,False,43.322265625,False,43.3203125,False,43.322265625
single_pron,arctic_b0162,True,0.0,True,0.0,True,0.0,True,0.0
single_pron,arctic_b0163,False,37.048828125,False,37.048828125,False,37.05078125,False,37.048828125
single_pron,arctic_b0164,False,35.064453125,False,35.064453125,False,35.064453125,False,35.06640625
single_pron,arctic_b0165,False,20.01171875,False,20.0078125,False,20.009765625,False,20.005859375
single_pron,arctic_b0166,False,32.99609375,False,32.99609375,False,32.99609375,False,32.99609375
single_pron,arctic_b0167,False,44.06640625,False,44.06640625,False,44.06640625,False,44.06640625
single_pron,arctic_b0168,False,29.623046875,False,29.62109375,False,29.62109375,False,29.623046875
single_pron,arctic_b0169,False,38.931640625,False,38.93359375,False,38.93359375,False,38.931640625
single_pron,arctic_b0170,False,46.5390625,False,46.541015625,False,46.541015625,False,46.5390625
single_pron,arctic_b0171,False,39.017578125,False,39.015625,False,39.015625,False,39.01953125
single_pron,arctic_b0172,False,42.455078125,False,42.45703125,False,42.45703125,False,42.455078125
single_pron,arctic_b0173,False,39.73046875,False,39.73046875,False,39.73046875,False,39.73046875
single_pron,arctic_b0174,False,40.703125,False,40.703125,False,40.703125,False,40.701171875
single_pron,arctic_b0175,False,43.1484375,False,43.146484375,False,43.1484375,False,43.1484375
single_pron,arctic_b0176,True,0.0,True,0.0,True,0.0,True,0.0
single_pron,arctic_b0177,False,40.017578125,False,40.01953125,False,40.017578125,False,40.01953125
single_pron,arctic_b0178,False,42.173828125,False,42.169921875,False,42.169921875,False,42.169921875
single_pron,arctic_b0179,False,24.189453125,False,21.0,False,24.19140625,False,21.001953125
single_pron,arctic_b0180,False,46.8203125,False,46.8203125,False,46.8203125,False,46.8203125
single_pron,arctic_b0181,False,24.98828125,False,20.88671875,False,24.990234375,False,20.884765625
single_pron,arctic_b0182,True,0.0,True,0.0,True,0.0,True,0.0
single_pron,arctic_b0183,False,26.220703125,False,26.220703125,False,26.220703125,False,26.220703125
single_pron,arctic_b0184,False,14.2109375,False,11.2109375,False,14.208984375,False,11.208984375
single_pron,arctic_b0185,False,48.982421875,False,48.982421875,False,48.982421875,False,48.984375
single_pron,arctic_b0186,True,0.0,True,0.0,True,0.0,True,0.0
single_pron,arctic_b0187,False,42.923828125,False,42.923828125,False,42.923828125,False,42.923828125
single_pron,arctic_b0188,False,19.7421875,False,16.7421875,False,19.744140625,False,16.7421875
single_pron,arctic_b0189,False,21.7109375,False,18.70703125,False,21.708984375,False,18.708984375
single_pron,arctic_b0190,False,27.3203125,False,27.32421875,False,27.322265625,False,27.322265625
single_pron,arctic_b0191,True,0.0,True,0.0,True,0.0,True,0.0
single_pron,arctic_b0192,False,25.017578125,False,22.015625,False,25.017578125,False,22.015625
single_pron,arctic_b0193,False,37.619140625,False,37.62109375,False,37.619140625,False,37.62109375
single_pron,arctic_b0194,False,19.2109375,False,16.2109375,False,19.212890625,False,16.2109375
single_pron,arctic_b0195,False,42.146484375,False,42.14453125,False,42.14453125,False,42.14453125
single_pron,arctic_b0196,False,46.927734375,False,46.9296875,False,46.927734375,False,46.9296875
single_pron,arctic_b0197,False,11.6484375,False,11.6484375,False,7.939453125,False,7.939453125
single_pron,arctic_b0198,False,50.71875,False,50.716796875,False,50.71484375,False,50.71484375
single_pron,arctic_b0199,True,0.0,True,0.0,True,0.0,True,0.0
single_pron,arctic_b0200,False,47.482421875,False,47.482421875,False,47.482421875,False,47.482421875
single_pron,arctic_b0201,False,44.84375,False,44.84375,False,44.845703125,False,44.845703125
single_pron,arctic_b0202,False,6.728515625,False,6.728515625,False,3.7265625,False,3.7265625
single_pron,arctic_b0203,False,41.806640625,False,41.806640625,False,41.80859375,False,41.806640625
single_pron,arctic_b0204,False,23.0,False,20.0,False,23.0,False,20.001953125
single_pron,arctic_b0205,False,24.908203125,False,24.91015625,False,24.908203125,False,24.908203125
single_pron,arctic_b0206,False,43.60546875,False,43.60546875,False,43.60546875,False,43.607421875
single_pron,arctic_b0207,False,30.11328125,False,30.11328125,False,30.115234375,False,30.111328125
single_pron,arctic_b0208,False,40.28125,False,40.279296875,False,40.27734375,False,40.28125
single_pron,arctic_b0209,False,40.2734375,False,40.275390625,False,40.2734375,False,40.2734375
single_pron,arctic_b0210,False,44.0625,False,44.0625,False,44.064453125,False,44.0625
single_pron,arctic_b0211,False,38.1015625,False,38.1015625,False,38.099609375,False,38.099609375
single_pron,arctic_b0212,False,41.2890625,False,41.287109375,False,41.2890625,False,41.2890625
single_pron,arctic_b0213,False,14.3984375,False,11.400390625,False,14.3984375,False,11.400390625
single_pron,arctic_b0214,False,36.947265625,False,36.947265625,False,36.951171875,False,36.94921875
single_pron,arctic_b0215,False,33.78515625,False,33.78515625,False,33.783203125,False,33.783203125
single_pron,arctic_b0216,False,44.869140625,False,44.869140625,False,44.8671875,False,44.8671875
single_pron,arctic_b0217,False,38.958984375,False,38.95703125,False,38.958984375,False,38.9609375
single_pron,arctic_b0218,True,0.0,True,0.0,True,0.0,True,0.0
single_pron,arctic_b0219,False,43.615234375,False,43.615234375,False,43.6171875,False,43.615234375
single_pron,arctic_b0220,False,41.70703125,False,41.708984375,False,41.70703125,False,41.70703125
single_pron,arctic_b0221,False,41.93359375,False,41.93359375,False,41.931640625,False,41.93359375
single_pron,arctic_b0222,False,27.779296875,False,27.779296875,False,27.78125,False,27.78125
single_pron,arctic_b0223,False,45.19921875,False,45.19921875,False,45.19921875,False,45.1953125
single_pron,arctic_b0224,False,42.904296875,False,42.904296875,False,42.904296875,False,42.90625
single_pron,arctic_b0225,True,0.0,True,0.0,True,0.0,True,0.0
single_pron,arctic_b0226,True,0.0,True,0.0,True,0.0,True,0.0
single_pron,arctic_b0227,False,24.2421875,False,20.8984375,False,24.2421875,False,20.8984375
single_pron,arctic_b0228,False,24.990234375,False,24.98828125,False,24.990234375,False,24.98828125
single_pron,arctic_b0229,True,0.0,True,0.0,True,0.0,True,0.0
single_pron,arctic_b0230,False,41.83984375,False,41.83984375,False,41.83984375,False,41.841796875
single_pron,arctic_b0231,False,23.142578125,False,23.14453125,False,23.142578125,False,23.142578125
single_pron,arctic_b0232,False,44.03125,False,44.03125,False,44.033203125,False,44.03125
single_pron,arctic_b0233,True,0.0,True,0.0,True,0.0,True,0.0
single_pron,arctic_b0234,False,23.962890625,False,20.9609375,False,23.9609375,False,20.9609375
single_pron,arctic_b0235,False,42.404296875,False,42.404296875,False,42.40234375,False,42.404296875
single_pron,arctic_b0236,False,36.623046875,False,36.623046875,False,36.625,False,36.623046875
single_pron,arctic_b0237,False,40.474609375,False,40.47265625,False,40.47265625,False,40.474609375
single_pron,arctic_b0238,True,0.0,True,0.0,True,0.0,True,0.0
single_pron,arctic_b0239,False,39.576171875,False,39.578125,False,39.576171875,False,39.576171875
single_pron,arctic_b0240,False,32.783203125,False,32.783203125,False,32.783203125,False,32.783203125
single_pron,arctic_b0241,False,40.6484375,False,40.6484375,False,40.650390625,False,40.650390625
single_pron,arctic_b0242,False,28.466796875,False,28.466796875,False,28.466796875,False,28.46484375
single_pron,arctic_b0243,False,20.052734375,False,17.052734375,False,20.05078125,False,17.052734375
single_pron,arctic_b0244,False,37.486328125,False,37.486328125,False,37.48828125,False,37.486328125
single_pron,arctic_b0245,False,43.23828125,False,43.23828125,False,43.23828125,False,43.240234375
single_pron,arctic_b0246,False,38.447265625,False,38.447265625,False,38.4453125,False,38.4453125
single_pron,arctic_b0247,False,32.09765625,False,32.09765625,False,32.099609375,False,32.099609375
single_pron,arctic_b0248,False,35.19140625,False,35.189453125,False,35.189453125,False,35.189453125
single_pron,arctic_b0249,False,26.01171875,False,23.001953125,False,26.01171875,False,22.998046875
single_pron,arctic_b0250,True,0.0,True,0.0,True,0.0,True,0.0
single_pron,arctic_b0251,False,20.96875,False,17.970703125,False,20.970703125,False,17.97265625
single_pron,arctic_b0252,False,41.09375,False,41.091796875,False,41.09375,False,41.091796875
single_pron,arctic_b0253,False,19.017578125,False,16.017578125,False,19.017578125,False,16.017578125
single_pron,arctic_b0254,False,23.162109375,False,23.16015625,False,23.162109375,False,23.162109375
single_pron,arctic_b0255,False,44.390625,False,44.390625,False,44.390625,False,44.390625
single_pron,arctic_b0256,False,26.0,False,23.001953125,False,25.998046875,False,23.001953125
single_pron,arctic_b0257,False,21.9375,False,18.9375,False,21.939453125,False,18.9375
single_pron,arctic_b0258,True,0.0,True,0.0,True,0.0,True,0.0
single_pron,arctic_b0259,False,45.52734375,False,45.52734375,False,45.525390625,False,45.5234375
single_pron,arctic_b0260,False,22.0,False,19.0,False,22.0,False,19.0
single_pron,arctic_b0261,False,43.0078125,False,43.005859375,False,43.009765625,False,43.009765625
single_pron,arctic_b0262,False,12.0,False,12.0,False,8.998046875,False,9.0
single_pron,arctic_b0263,False,46.83203125,False,46.83203125,False,46.83203125,False,46.83203125
single_pron,arctic_b0264,True,0.0,True,0.0,True,0.0,True,0.0
single_pron,arctic_b0265,True,0.0,True,0.0,True,0.0,True,0.0
single_pron,arctic_b0266,False,24.0,False,21.00390625,False,24.001953125,False,21.0
single_pron,arctic_b0267,False,37.4296875,False,37.427734375,False,37.427734375,False,37.427734375
single_pron,arctic_b0268,False,25.984375,False,25.984375,False,25.984375,False,25.984375
single_pron,arctic_b0269,False,40.4609375,False,40.458984375,False,40.462890625,False,40.462890625
single_pron,arctic_b0270,False,32.525390625,False,32.52734375,False,32.525390625,False,32.52734375
single_pron,arctic_b0271,False,41.578125,False,41.576171875,False,41.578125,False,41.576171875
single_pron,arctic_b0272,False,39.58203125,False,39.58203125,False,39.58203125,False,39.58203125
single_pron,arctic_b0273,False,27.96484375,False,27.96484375,False,27.96484375,False,27.96484375
single_pron,arctic_b0274,False,38.7890625,False,38.791015625,False,38.7890625,False,38.7890625
single_pron,arctic_b0275,False,36.287109375,False,36.28515625,False,36.28515625,False,36.28515625
single_pron,arctic_b0276,False,24.111328125,False,24.11328125,False,24.11328125,False,24.11328125
single_pron,arctic_b0277,False,45.400390625,False,45.400390625,False,45.3984375,False,45.3984375
single_pron,arctic_b0278,False,38.904296875,False,38.90234375,False,38.90625,False,38.90625
single_pron,arctic_b0279,False,21.146484375,False,21.1484375,False,21.146484375,False,21.146484375
single_pron,arctic_b0280,False,40.0703125,False,40.072265625,False,40.0703125,False,40.0703125
single_pron,arctic_b0281,False,42.13671875,False,42.1328125,False,42.13671875,False,42.13671875
single_pron,arctic_b0282,False,33.94140625,False,33.94140625,False,33.939453125,False,33.939453125
single_pron,arctic_b0283,False,45.0390625,False,45.04296875,False,45.041015625,False,45.041015625
single_pron,arctic_b0284,False,43.166015625,False,43.1640625,False,43.1640625,False,43.166015625
single_pron,arctic_b0285,False,39.943359375,False,39.94140625,False,39.943359375,False,39.94140625
single_pron,arctic_b0286,False,20.466796875,False,17.46875,False,20.46875,False,17.46875
single_pron,arctic_b0287,False,43.6875,False,43.6875,False,43.6875,False,43.6875
single_pron,arctic_b0288,False,40.2421875,False,40.2421875,False,40.2421875,False,40.244140625
single_pron,arctic_b0289,True,0.0,True,0.0,True,0.0,True,0.0
single_pron,arctic_b0290,False,34.060546875,False,34.060546875,False,34.060546875,False,34.05859375
single_pron,arctic_b0291,True,0.0,True,0.0,True,0.0,True,0.0
single_pron,arctic_b0292,False,20.021484375,False,19.97265625,False,20.021484375,False,19.974609375
single_pron,arctic_b0293,False,21.208984375,False,21.20703125,False,21.208984375,False,21.20703125
single_pron,arctic_b0294,False,22.26953125,False,22.267578125,False,22.267578125,False,22.267578125
single_pron,arctic_b0295,False,22.021484375,False,19.67578125,False,22.0234375,False,19.673828125
single_pron,arctic_b0296,False,44.296875,False,44.294921875,False,44.294921875,False,44.296875
single_pron,arctic_b0297,False,31.447265625,False,31.44921875,False,31.447265625,False,31.44921875
single_pron,arctic_b0298,False,32.0234375,False,23.494140625,False,32.0234375,False,23.4921875
single_pron,arctic_b0299,True,0.0,True,0.0,True,0.0,True,0.0
single_pron,arctic_b0300,True,0.0,True,0.0,True,0.0,True,0.0
single_pron,arctic_b0301,False,24.12890625,False,21.126953125,False,24.1328125,False,21.12890625
single_pron,arctic_b0302,False,34.0078125,False,34.005859375,False,34.005859375,False,34.005859375
single_pron,arctic_b0303,False,18.88671875,False,18.88671875,False,18.88671875,False,18.884765625
single_pron,arctic_b0304,False,37.7734375,False,37.775390625,False,37.7734375,False,37.775390625
single_pron,arctic_b0305,False,26.224609375,False,26.22265625,False,26.224609375,False,26.22265625
single_pron,arctic_b0306,False,19.318359375,False,16.3203125,False,19.318359375,False,16.3203125
single_pron,arctic_b0307,False,25.08203125,False,25.080078125,False,25.08203125,False,25.080078125
single_pron,arctic_b0308,False,47.0859375,False,47.087890625,False,47.0859375,False,47.08984375
single_pron,arctic_b0309,True,0.0,True,0.0,True,0.0,True,0.0
single_pron,arctic_b0310,False,43.22265625,False,43.220703125,False,43.22265625,False,43.21875
single_pron,arctic_b0311,True,0.0,True,0.0,True,0.0,True,0.0
single_pron,arctic_b0312,True,0.0,True,0.0,True,0.0,True,0.0
single_pron,arctic_b0313,False,34.599609375,False,17.703125,False,34.599609375,False,17.703125
single_pron,arctic_b0314,False,29.90625,False,29.908203125,False,29.90625,False,29.91015625
single_pron,arctic_b0315,True,0.0,True,0.0,True,0.0,True,0.0
single_pron,arctic_b0316,False,37.376953125,False,37.376953125,False,37.376953125,False,37.375
single_pron,arctic_b0317,False,38.15234375,False,38.15234375,False,38.154296875,False,38.15234375
single_pron,arctic_b0318,False,34.11328125,False,34.111328125,False,34.109375,False,34.111328125
single_pron,arctic_b0319,False,41.08203125,False,41.083984375,False,41.083984375,False,41.0859375
single_pron,arctic_b0320,True,0.0,True,0.0,True,0.0,True,0.0
single_pron,arctic_b0321,False,42.44921875,False,42.44921875,False,42.44921875,False,42.447265625
single_pron,arctic_b0322,False,38.4296875,False,38.4296875,False,38.4296875,False,38.4296875
single_pron,arctic_b0323,False,36.90625,False,36.90625,False,36.904296875,False,36.904296875
single_pron,arctic_b0324,False,39.94921875,False,39.94921875,False,39.951171875,False,39.951171875
single_pron,arctic_b0325,False,42.04296875,False,42.04296875,False,42.04296875,False,42.044921875
single_pron,arctic_b0326,True,0.0,True,0.0,True,0.0,True,0.0
single_pron,arctic_b0327,False,39.271484375,False,39.271484375,False,39.271484375,False,39.271484375
single_pron,arctic_b0328,False,38.181640625,False,38.181640625,False,38.181640625,False,38.1796875
single_pron,arctic_b0329,False,29.80078125,False,29.80078125,False,29.80078125,False,29.80078125
single_pron,arctic_b0330,False,42.3203125,False,42.3203125,False,42.322265625,False,42.3203125
single_pron,arctic_b0331,False,30.08203125,False,30.08203125,False,30.078125,False,30.080078125
single_pron,arctic_b0332,False,46.583984375,False,46.583984375,False,46.5859375,False,46.587890625
single_pron,arctic_b0333,False,41.58984375,False,41.58984375,False,41.591796875,False,41.58984375
single_pron,arctic_b0334,False,42.08984375,False,42.087890625,False,42.087890625,False,42.0859375
single_pron,arctic_b0335,False,29.373046875,False,29.375,False,29.373046875,False,29.375
single_pron,arctic_b0336,False,48.306640625,False,48.3046875,False,48.3046875,False,48.306640625
single_pron,arctic_b0337,False,38.896484375,False,38.8984375,False,38.8984375,False,38.896484375
single_pron,arctic_b0338,False,44.828125,False,44.828125,False,44.826171875,False,44.828125
single_pron,arctic_b0339,False,43.6328125,False,43.6328125,False,43.6328125,False,43.634765625
single_pron,arctic_b0340,False,44.013671875,False,44.013671875,False,44.015625,False,44.01171875
single_pron,arctic_b0341,False,44.986328125,False,44.98828125,False,44.98828125,False,44.98828125
single_pron,arctic_b0342,False,54.974609375,False,54.974609375,False,54.97265625,False,54.97265625
single_pron,arctic_b0343,False,26.037109375,False,26.03515625,False,26.03515625,False,26.037109375
single_pron,arctic_b0344,False,44.48828125,False,44.48828125,False,44.48828125,False,44.48828125
single_pron,arctic_b0345,False,48.07421875,False,48.07421875,False,48.076171875,False,48.07421875
single_pron,arctic_b0346,False,31.015625,False,31.015625,False,31.013671875,False,31.015625
single_pron,arctic_b0347,False,40.37890625,False,40.37890625,False,40.37890625,False,40.37890625
single_pron,arctic_b0348,False,40.4296875,False,40.431640625,False,40.431640625,False,40.4296875
single_pron,arctic_b0349,True,0.0,True,0.0,True,0.0,True,0.0
single_pron,arctic_b0350,False,10.16015625,False,7.048828125,False,10.16015625,False,7.048828125
single_pron,arctic_b0351,False,25.81640625,False,25.8125,False,25.814453125,False,25.814453125
single_pron,arctic_b0352,False,51.904296875,False,51.90625,False,51.90625,False,51.90625
single_pron,arctic_b0353,False,49.291015625,False,49.291015625,False,49.2890625,False,49.2890625
single_pron,arctic_b0354,False,38.03515625,False,38.033203125,False,38.03515625,False,38.03515625
single_pron,arctic_b0355,False,35.76171875,False,35.76171875,False,35.76171875,False,35.76171875
single_pron,arctic_b0356,False,36.6953125,False,36.697265625,False,36.697265625,False,36.697265625
single_pron,arctic_b0357,False,39.0390625,False,39.037109375,False,39.0390625,False,39.0390625
single_pron,arctic_b0358,True,0.0,True,0.0,True,0.0,True,0.0
single_pron,arctic_b0359,True,0.0,True,0.0,True,0.0,True,0.0
single_pron,arctic_b0360,False,49.529296875,False,49.529296875,False,49.529296875,False,49.529296875
single_pron,arctic_b0361,True,0.0,True,0.0,True,0.0,True,0.0
single_pron,arctic_b0362,False,39.76953125,False,39.771484375,False,39.76953125,False,39.76953125
single_pron,arctic_b0363,False,41.966796875,False,41.96484375,False,41.96484375,False,41.96484375
single_pron,arctic_b0364,False,25.154296875,False,25.154296875,False,25.154296875,False,25.15625
single_pron,arctic_b0365,False,44.171875,False,44.169921875,False,44.171875,False,44.169921875
single_pron,arctic_b0366,False,39.0,False,39.0,False,39.0,False,39.0
single_pron,arctic_b0367,False,37.98046875,False,37.982421875,False,37.978515625,False,37.982421875
single_pron,arctic_b0368,False,38.037109375,False,38.037109375,False,39.0390625,False,39.03515625
single_pron,arctic_b0369,False,22.015625,False,19.013671875,False,22.017578125,False,19.013671875
single_pron,arctic_b0370,False,26.046875,False,26.044921875,False,26.044921875,False,26.044921875
single_pron,arctic_b0371,False,47.05859375,False,47.05859375,False,47.060546875,False,47.05859375
single_pron,arctic_b0372,False,46.763671875,False,46.76171875,False,46.759765625,False,46.76171875
single_pron,arctic_b0373,False,22.966796875,False,19.96875,False,22.96875,False,19.96875
single_pron,arctic_b0374,False,21.908203125,False,18.90625,False,21.908203125,False,18.908203125
single_pron,arctic_b0375,False,44.625,False,44.625,False,44.623046875,False,44.623046875
single_pron,arctic_b0376,False,16.908203125,False,16.91015625,False,16.912109375,False,16.91015625
single_pron,arctic_b0377,False,43.17578125,False,43.17578125,False,43.173828125,False,43.17578125
single_pron,arctic_b0378,False,41.94140625,False,41.94140625,False,41.94140625,False,41.94140625
single_pron,arctic_b0379,False,20.0,False,17.0,False,20.001953125,False,17.001953125
single_pron,arctic_b0380,False,30.98828125,False,30.990234375,False,30.98828125,False,30.98828125
single_pron,arctic_b0381,False,23.189453125,False,20.185546875,False,23.189453125,False,20.1875
single_pron,arctic_b0382,False,47.103515625,False,47.103515625,False,47.103515625,False,47.103515625
single_pron,arctic_b0383,False,27.822265625,False,27.822265625,False,27.8203125,False,27.8203125
single_pron,arctic_b0384,True,0.0,True,0.0,True,0.0,True,0.0
single_pron,arctic_b0385,True,0.0,True,0.0,True,0.0,True,0.0
single_pron,arctic_b0386,False,24.998046875,False,21.998046875,False,24.998046875,False,22.0
single_pron,arctic_b0387,False,36.28515625,False,36.287109375,False,36.287109375,False,36.28515625
single_pron,arctic_b0388,False,28.0,False,28.0,False,27.998046875,False,27.998046875
single_pron,arctic_b0389,False,40.423828125,False,40.421875,False,40.42578125,False,40.423828125
single_pron,arctic_b0390,False,42.888671875,False,42.888671875,False,42.88671875,False,42.890625
single_pron,arctic_b0391,True,0.0,True,0.0,True,0.0,True,0.0
single_pron,arctic_b0392,False,32.83203125,False,32.833984375,False,32.833984375,False,32.83203125
single_pron,arctic_b0393,True,0.0,True,0.0,True,0.0,True,0.0
single_pron,arctic_b0394,False,40.97265625,False,40.97265625,False,40.97265625,False,40.97265625
single_pron,arctic_b0395,False,40.640625,False,40.640625,False,40.638671875,False,40.638671875
single_pron,arctic_b0396,True,0.0,True,0.0,True,0.0,True,0.0
single_pron,arctic_b0397,False,36.47265625,False,36.47265625,False,36.47265625,False,36.47265625
single_pron,arctic_b0398,False,42.46875,False,42.466796875,False,42.470703125,False,42.470703125
single_pron,arctic_b0399,False,40.744140625,False,40.744140625,False,40.744140625,False,40.7421875
single_pron,arctic_b0400,False,21.947265625,False,18.9453125,False,21.9453125,False,18.9453125
single_pron,arctic_b0401,False,25.86328125,False,22.86328125,False,25.865234375,False,22.86328125
single_pron,arctic_b0402,False,23.29296875,False,23.29296875,False,23.29296875,False,23.291015625
single_pron,arctic_b0403,True,0.0,True,0.0,True,0.0,True,0.0
single_pron,arctic_b0404,False,37.716796875,False,37.71484375,False,37.716796875,False,37.716796875
single_pron,arctic_b0405,False,53.201171875,False,53.203125,False,53.201171875,False,53.203125
single_pron,arctic_b0406,False,43.943359375,False,43.94140625,False,43.939453125,False,43.94140625
single_pron,arctic_b0407,False,38.130859375,False,38.130859375,False,38.134765625,False,38.12890625
single_pron,arctic_b0408,False,38.39453125,False,38.39453125,False,38.392578125,False,38.396484375
single_pron,arctic_b0409,False,50.44921875,False,50.451171875,False,50.44921875,False,50.451171875
single_pron,arctic_b0410,True,0.0,True,0.0,True,0.0,True,0.0
single_pron,arctic_b0411,False,31.740234375,False,31.740234375,False,31.740234375,False,31.73828125
single_pron,arctic_b0412,True,0.0,True,0.0,True,0.0,True,0.0
single_pron,arctic_b0413,False,38.982421875,False,38.98046875,False,38.98046875,False,38.982421875
single_pron,arctic_b0414,False,41.291015625,False,41.291015625,False,41.29296875,False,41.291015625
single_pron,arctic_b0415,True,0.0,True,0.0,True,0.0,True,0.0
single_pron,arctic_b0416,False,43.48046875,False,43.48046875,False,43.482421875,False,43.48046875
single_pron,arctic_b0417,False,22.716796875,False,16.43359375,False,22.71484375,False,16.435546875
single_pron,arctic_b0418,False,42.205078125,False,42.20703125,False,42.20703125,False,42.205078125
single_pron,arctic_b0419,False,47.51953125,False,47.51953125,False,47.51953125,False,47.517578125
single_pron,arctic_b0420,False,27.810546875,False,21.80859375,False,27.80859375,False,21.810546875
single_pron,arctic_b0421,False,23.61328125,False,23.6171875,False,23.615234375,False,23.6171875
single_pron,arctic_b0422,True,0.0,True,0.0,True,0.0,True,0.0
single_pron,arctic_b0423,False,42.693359375,False,42.69140625,False,42.689453125,False,42.69140625
single_pron,arctic_b0424,False,40.986328125,False,40.98828125,False,40.990234375,False,40.98828125
single_pron,arctic_b0425,False,40.68359375,False,40.6796875,False,40.681640625,False,40.6796875
single_pron,arctic_b0426,False,23.3671875,False,23.369140625,False,23.3671875,False,23.369140625
single_pron,arctic_b0427,True,0.0,True,0.0,True,0.0,True,0.0
single_pron,arctic_b0428,False,33.05859375,False,33.060546875,False,33.05859375,False,33.05859375
single_pron,arctic_b0429,False,48.91015625,False,48.908203125,False,48.912109375,False,48.91015625
single_pron,arctic_b0430,False,40.26953125,False,40.267578125,False,40.265625,False,40.26953125
single_pron,arctic_b0431,False,37.814453125,False,37.81640625,False,37.81640625,False,37.81640625
single_pron,arctic_b0432,False,17.564453125,False,14.5625,False,17.564453125,False,14.560546875
single_pron,arctic_b0433,True,0.0,True,0.0,True,0.0,True,0.0
single_pron,arctic_b0434,False,19.2421875,False,16.24609375,False,19.244140625,False,16.24609375
single_pron,arctic_b0435,False,36.5625,False,36.560546875,False,36.5625,False,36.55859375
single_pron,arctic_b0436,False,37.21484375,False,37.21484375,False,37.21484375,False,37.216796875
single_pron,arctic_b0437,False,39.3203125,False,39.322265625,False,39.318359375,False,39.322265625
single_pron,arctic_b0438,False,27.921875,False,27.919921875,False,27.921875,False,27.919921875
single_pron,arctic_b0439,False,46.796875,False,46.796875,False,46.796875,False,46.796875
single_pron,arctic_b0440,False,20.021484375,False,17.021484375,False,20.0234375,False,17.021484375
single_pron,arctic_b0441,True,0.0,True,0.0,True,0.0,True,0.0
single_pron,arctic_b0442,False,20.6796875,False,20.681640625,False,20.6796875,False,20.681640625
single_pron,arctic_b0443,False,48.205078125,False,48.203125,False,48.203125,False,48.201171875
single_pron,arctic_b0444,False,18.013671875,False,15.013671875,False,18.013671875,False,15.015625
single_pron,arctic_b0445,False,45.310546875,False,45.310546875,False,45.310546875,False,45.310546875
single_pron,arctic_b0446,False,24.546875,False,24.546875,False,24.548828125,False,24.544921875
single_pron,arctic_b0447,False,52.341796875,False,52.33984375,False,52.33984375,False,52.34375
single_pron,arctic_b0448,False,39.041015625,False,39.044921875,False,39.041015625,False,39.041015625
single_pron,arctic_b0449,False,42.76171875,False,42.76171875,False,42.763671875,False,42.763671875
single_pron,arctic_b0450,False,27.9921875,False,27.98828125,False,27.990234375,False,27.990234375
single_pron,arctic_b0451,False,52.271484375,False,52.2734375,False,52.2734375,False,52.271484375
single_pron,arctic_b0452,False,40.087890625,False,40.0859375,False,40.0859375,False,40.0859375
single_pron,arctic_b0453,True,0.0,True,0.0,True,0.0,True,0.0
single_pron,arctic_b0454,False,40.75,False,40.751953125,False,40.751953125,False,40.751953125
single_pron,arctic_b0455,False,20.23046875,False,17.228515625,False,20.228515625,False,17.228515625
single_pron,arctic_b0456,True,0.0,True,0.0,True,0.0,True,0.0
single_pron,arctic_b0457,True,0.0,True,0.0,True,0.0,True,0.0
single_pron,arctic_b0458,False,37.955078125,False,37.955078125,False,37.953125,False,37.955078125
single_pron,arctic_b0459,False,20.505859375,False,17.32421875,False,20.5078125,False,17.322265625
single_pron,arctic_b0460,False,46.375,False,46.375,False,46.376953125,False,46.37890625
single_pron,arctic_b0461,False,42.76953125,False,42.767578125,False,42.767578125,False,42.767578125
single_pron,arctic_b0462,False,40.732421875,False,40.734375,False,40.734375,False,40.732421875
single_pron,arctic_b0463,False,42.361328125,False,42.361328125,False,42.361328125,False,42.36328125
single_pron,arctic_b0464,False,25.00390625,False,22.00390625,False,25.00390625,False,22.00390625
single_pron,arctic_b0465,False,39.947265625,False,39.947265625,False,39.9453125,False,39.9453125
single_pron,arctic_b0466,False,51.248046875,False,51.248046875,False,51.248046875,False,51.24609375
single_pron,arctic_b0467,False,23.9921875,False,20.990234375,False,23.990234375,False,20.9921875
single_pron,arctic_b0468,False,43.21484375,False,43.21484375,False,43.216796875,False,43.216796875
single_pron,arctic_b0469,True,0.0,True,0.0,True,0.0,True,0.0
single_pron,arctic_b0470,False,40.193359375,False,40.1953125,False,40.193359375,False,40.193359375
single_pron,arctic_b0471,False,40.6875,False,40.6875,False,40.689453125,False,40.6875
single_pron,arctic_b0472,False,31.154296875,False,31.154296875,False,31.154296875,False,31.15625
single_pron,arctic_b0473,False,43.251953125,False,43.251953125,False,43.251953125,False,43.25
single_pron,arctic_b0474,True,0.0,True,0.0,True,0.0,True,0.0
single_pron,arctic_b0475,False,45.388671875,False,45.388671875,False,45.38671875,False,45.388671875
single_pron,arctic_b0476,False,44.099609375,False,44.099609375,False,44.1015625,False,44.099609375
single_pron,arctic_b0477,False,40.935546875,False,40.935546875,False,40.935546875,False,40.9375
single_pron,arctic_b0478,True,0.0,True,0.0,True,0.0,True,0.0
single_pron,arctic_b0479,True,0.0,True,0.0,True,0.0,True,0.0
single_pron,arctic_b0480,True,0.0,True,0.0,True,0.0,True,0.0
single_pron,arctic_b0481,True,0.0,True,0.0,True,0.0,True,0.0
single_pron,arctic_b0482,False,24.76171875,False,21.755859375,False,24.76171875,False,21.755859375
single_pron,arctic_b0483,True,0.0,True,0.0,True,0.0,True,0.0
single_pron,arctic_b0484,True,0.0,True,0.0,True,0.0,True,0.0
single_pron,arctic_b0485,False,20.044921875,False,17.044921875,False,20.04296875,False,17.04296875
single_pron,arctic_b0486,False,32.779296875,False,32.779296875,False,32.779296875,False,32.779296875
single_pron,arctic_b0487,False,34.990234375,False,34.990234375,False,34.9921875,False,34.9921875
single_pron,arctic_b0488,False,20.015625,False,17.0,False,20.015625,False,17.0
single_pron,arctic_b0489,False,42.26953125,False,42.26953125,False,42.265625,False,42.265625
single_pron,arctic_b0490,False,21.775390625,False,18.775390625,False,21.77734375,False,18.77734375
single_pron,arctic_b0491,True,0.0,True,0.0,True,0.0,True,0.0
single_pron,arctic_b0492,False,42.29296875,False,42.29296875,False,42.29296875,False,42.29296875
single_pron,arctic_b0493,False,25.7734375,False,19.7734375,False,25.775390625,False,19.775390625
single_pron,arctic_b0494,False,42.03125,False,42.03125,False,42.02734375,False,42.02734375
single_pron,arctic_b0495,False,46.37890625,False,46.37890625,False,46.3828125,False,46.3828125
single_pron,arctic_b0496,True,0.0,True,0.0,True,0.0,True,0.0
single_pron,arctic_b0497,False,46.919921875,False,46.919921875,False,46.919921875,False,46.919921875
single_pron,arctic_b0498,False,46.412109375,False,46.412109375,False,46.41015625,False,46.41015625
single_pron,arctic_b0499,False,36.998046875,False,37.0,False,36.998046875,False,36.998046875
single_pron,arctic_b0500,False,47.556640625,False,47.556640625,False,47.55859375,False,47.55859375
single_pron,arctic_b0501,False,23.84375,False,20.841796875,False,23.84375,False,20.84375
single_pron,arctic_b0502,False,39.8671875,False,39.8671875,False,39.865234375,False,39.865234375
single_pron,arctic_b0503,False,35.041015625,False,35.041015625,False,35.041015625,False,35.041015625
single_pron,arctic_b0504,False,41.296875,False,41.298828125,False,41.296875,False,41.296875
single_pron,arctic_b0505,False,38.80078125,False,38.798828125,False,38.802734375,False,38.802734375
single_pron,arctic_b0506,False,34.396484375,False,34.396484375,False,34.396484375,False,34.396484375
single_pron,arctic_b0507,False,41.353515625,False,41.353515625,False,41.349609375,False,41.349609375
single_pron,arctic_b0508,False,23.939453125,False,20.001953125,False,23.943359375,False,20.001953125
single_pron,arctic_b0509,False,38.404296875,False,38.400390625,False,38.400390625,False,38.404296875
single_pron,arctic_b0510,True,0.0,True,0.0,True,0.0,True,0.0
single_pron,arctic_b0511,False,44.810546875,False,44.814453125,False,44.814453125,False,44.810546875
single_pron,arctic_b0512,False,41.001953125,False,41.0,False,41.001953125,False,41.001953125
single_pron,arctic_b0513,False,32.54296875,False,32.54296875,False,32.54296875,False,32.54296875
single_pron,arctic_b0514,False,41.466796875,False,41.466796875,False,41.46484375,False,41.46484375
single_pron,arctic_b0515,False,24.908203125,False,24.849609375,False,24.908203125,False,24.8515625
single_pron,arctic_b0516,False,43.423828125,False,43.42578125,False,43.42578125,False,43.423828125
single_pron,arctic_b0517,False,41.0390625,False,41.037109375,False,41.03515625,False,41.037109375
single_pron,arctic_b0518,False,37.4375,False,37.4375,False,37.44140625,False,37.439453125
single_pron,arctic_b0519,False,39.630859375,False,39.630859375,False,39.630859375,False,39.630859375
single_pron,arctic_b0520,False,23.216796875,False,19.822265625,False,23.21484375,False,19.82421875
single_pron,arctic_b0521,False,23.984375,False,20.986328125,False,23.984375,False,20.984375
single_pron,arctic_b0522,False,33.931640625,False,33.9296875,False,33.931640625,False,33.931640625
single_pron,arctic_b0523,False,33.06640625,False,33.06640625,False,33.064453125,False,33.064453125
single_pron,arctic_b0524,False,35.041015625,False,35.04296875,False,35.04296875,False,35.04296875
single_pron,arctic_b0525,True,0.0,True,0.0,True,0.0,True,0.0
single_pron,arctic_b0526,False,35.4140625,False,35.416015625,False,35.416015625,False,35.4140625
single_pron,arctic_b0527,False,21.435546875,False,18.43359375,False,21.435546875,False,18.4375
single_pron,arctic_b0528,True,0.0,True,0.0,True,0.0,True,0.0
single_pron,arctic_b0529,False,23.974609375,False,23.97265625,False,23.97265625,False,23.970703125
single_pron,arctic_b0530,False,42.490234375,False,42.494140625,False,42.4921875,False,42.494140625
single_pron,arctic_b0531,False,49.408203125,False,49.40625,False,49.40625,False,49.40625
single_pron,arctic_b0532,False,38.033203125,False,38.033203125,False,38.03515625,False,38.03515625
single_pron,arctic_b0533,False,41.59375,False,41.591796875,False,41.58984375,False,41.58984375
single_pron,arctic_b0534,False,27.744140625,False,23.001953125,False,27.74609375,False,23.0
single_pron,arctic_b0535,False,34.6015625,False,34.6015625,False,34.6015625,False,34.6015625
single_pron,arctic_b0536,False,41.646484375,False,41.646484375,False,41.646484375,False,41.6484375
single_pron,arctic_b0537,False,40.150390625,False,40.150390625,False,40.15234375,False,40.15234375
single_pron,arctic_b0538,False,23.330078125,False,23.330078125,False,23.330078125,False,23.330078125
single_pron,arctic_b0539,False,39.404296875,False,39.40625,False,39.404296875,False,39.404296875
multipron,arctic_a0001,False,43.14610290527344,False,43.14610290527344,False,43.14610290527344,False,43.14610290527344
multipron,arctic_a0002,False,45.593116760253906,False,45.593116760253906,False,45.593116760253906,False,45.593116760253906
multipron,arctic_a0003,False,18.762916564941406,False,18.762916564941406,False,18.762916564941406,False,18.762916564941406
multipron,arctic_a0004,False,45.1324462890625,False,45.1324462890625,False,45.1324462890625,False,45.1324462890625
multipron,arctic_a0005,False,32.21125793457031,False,32.21125793457031,False,32.21125793457031,False,32.21125793457031
multipron,arctic_a0006,False,39.96775817871094,False,39.96775817871094,False,39.96775817871094,False,39.96775817871094
multipron,arctic_a0007,False,40.543182373046875,False,40.543182373046875,False,40.543182373046875,False,40.543182373046875
multipron,arctic_a0008,False,40.66766357421875,False,40.66766357421875,False,40.66766357421875,False,40.66766357421875
multipron,arctic_a0009,False,35.411102294921875,False,35.411102294921875,False,35.411102294921875,False,35.411102294921875
multipron,arctic_a0010,False,42.21380615234375,False,42.21380615234375,False,42.21380615234375,False,42.21380615234375
multipron,arctic_a0011,False,31.26129150390625,False,31.26129150390625,False,31.26129150390625,False,31.26129150390625
multipron,arctic_a0012,False,30.000091552734375,False,30.000091552734375,False,30.000091552734375,False,30.000091552734375
multipron,arctic_a0013,False,20.859344482421875,False,20.859344482421875,False,20.859344482421875,False,20.859344482421875
multipron,arctic_a0014,False,32.766876220703125,False,32.766876220703125,False,32.766876220703125,False,32.766876220703125
multipron,arctic_a0015,False,22.999969482421875,False,19.999969482421875,False,22.999969482421875,False,19.999969482421875
multipron,arctic_a0016,False,24.01416015625,False,24.01416015625,False,24.01416015625,False,24.01416015625
multipron,arctic_a0017,False,33.36297607421875,False,33.36297607421875,False,33.36297607421875,False,33.36297607421875
multipron,arctic_a0018,False,39.3115234375,False,39.3115234375,False,39.3115234375,False,39.3115234375
multipron,arctic_a0019,False,27.032470703125,False,27.032470703125,False,27.032470703125,False,27.032470703125
multipron,arctic_a0020,False,13.9635009765625,False,13.9635009765625,False,13.9635009765625,False,13.9635009765625
multipron,arctic_a0021,False,34.01605224609375,False,34.01605224609375,False,34.01605224609375,False,34.01605224609375
multipron,arctic_a0022,False,45.5452880859375,False,45.5452880859375,False,45.5452880859375,False,45.5452880859375
multipron,arctic_a0023,False,14.499755859375,False,14.499755859375,False,14.499755859375,False,14.499755859375
multipron,arctic_a0024,False,44.26287841796875,False,44.26287841796875,False,44.26287841796875,False,44.26287841796875
multipron,arctic_a0025,False,41.1920166015625,False,41.1920166015625,False,41.1920166015625,False,41.1920166015625
multipron,arctic_a0026,False,38.16363525390625,False,38.16363525390625,False,38.16363525390625,False,38.16363525390625
multipron,arctic_a0027,False,43.5543212890625,False,43.5543212890625,False,43.5543212890625,False,43.5543212890625
multipron,arctic_a0028,False,39.7689208984375,False,39.7689208984375,False,39.7689208984375,False,39.7689208984375
multipron,arctic_a0029,False,34.83917236328125,False,34.83917236328125,False,34.83917236328125,False,34.83917236328125
multipron,arctic_a0030,False,39.0089111328125,False,39.0089111328125,False,39.0089111328125,False,39.0089111328125
multipron,arctic_a0031,False,29.926513671875,False,29.926513671875,False,29.926513671875,False,29.926513671875
multipron,arctic_a0032,False,20.7374267578125,False,20.7374267578125,False,20.7374267578125,False,20.7374267578125
multipron,arctic_a0033,False,35.0638427734375,False,35.0638427734375,False,35.0638427734375,False,35.0638427734375
multipron,arctic_a0034,True,0.0,True,0.0,True,0.0,True,0.0
multipron,arctic_a0035,False,20.618408203125,False,20.618408203125,False,20.618408203125,False,20.618408203125
multipron,arctic_a0036,False,39.9830322265625,False,39.9830322265625,False,39.9830322265625,False,39.9830322265625
multipron,arctic_a0037,False,35.945068359375,False,35.945068359375,False,35.945068359375,False,35.945068359375
multipron,arctic_a0038,False,21.90283203125,False,20.025146484375,False,21.90283203125,False,20.025146484375
multipron,arctic_a0039,False,22.021240234375,False,22.021240234375,False,22.021240234375,False,22.021240234375
multipron,arctic_a0040,False,47.0341796875,False,47.0340576171875,False,47.0341796875,False,47.0340576171875
multipron,arctic_a0041,False,42.7694091796875,False,42.7694091796875,False,42.7694091796875,False,42.7694091796875
multipron,arctic_a0042,False,35.8692626953125,False,35.869384765625,False,35.8692626953125,False,35.869384765625
multipron,arctic_a0043,False,38.2994384765625,False,38.29931640625,False,38.2994384765625,False,38.29931640625
multipron,arctic_a0044,False,23.435791015625,False,23.4354248046875,False,23.435791015625,False,23.4354248046875
multipron,arctic_a0045,False,38.030029296875,False,38.0301513671875,False,38.030029296875,False,38.0301513671875
multipron,arctic_a0046,False,37.8931884765625,False,37.89306640625,False,37.8931884765625,False,37.89306640625
multipron,arctic_a0047,False,24.6778564453125,False,24.677978515625,False,24.6778564453125,False,24.677978515625
multipron,arctic_a0048,False,34.0760498046875,False,34.075927734375,False,34.0760498046875,False,34.075927734375
multipron,arctic_a0049,False,40.0174560546875,False,40.0174560546875,False,40.0174560546875,False,40.0174560546875
multipron,arctic_a0050,False,39.8330078125,False,39.8331298828125,False,39.8330078125,False,39.8331298828125
multipron,arctic_a0051,False,37.3387451171875,False,37.3387451171875,False,37.3387451171875,False,37.3387451171875
multipron,arctic_a0052,False,24.2977294921875,False,19.1392822265625,False,24.2977294921875,False,19.1392822265625
multipron,arctic_a0053,False,13.8594970703125,False,13.8594970703125,False,13.8594970703125,False,13.8594970703125
multipron,arctic_a0054,False,22.668701171875,False,22.668701171875,False,22.668701171875,False,22.668701171875
multipron,arctic_a0055,False,23.258056640625,False,23.258056640625,False,23.258056640625,False,23.258056640625
multipron,arctic_a0056,True,0.0,True,0.0,True,0.0,True,0.0
multipron,arctic_a0057,False,63.2271728515625,False,63.2271728515625,False,63.2271728515625,False,63.2271728515625
multipron,arctic_a0058,False,25.0,False,21.9998779296875,False,25.0,False,21.9998779296875
multipron,arctic_a0059,False,36.6180419921875,False,36.6181640625,False,36.6180419921875,False,36.6181640625
multipron,arctic_a0060,False,27.926025390625,False,27.926025390625,False,27.926025390625,False,27.926025390625
multipron,arctic_a0061,False,39.5201416015625,False,39.5201416015625,False,39.5201416015625,False,39.5201416015625
multipron,arctic_a0062,False,22.309814453125,False,19.309814453125,False,22.309814453125,False,19.309814453125
multipron,arctic_a0063,False,40.97021484375,False,40.97021484375,False,40.97021484375,False,40.97021484375
multipron,arctic_a0064,False,17.56494140625,False,14.5648193359375,False,17.56494140625,False,14.5648193359375
multipron,arctic_a0065,False,40.0869140625,False,40.0869140625,False,40.0869140625,False,40.0869140625
multipron,arctic_a0066,False,33.818359375,False,33.818603515625,False,33.818359375,False,33.818603515625
multipron,arctic_a0067,False,37.06640625,False,37.066162109375,False,37.06640625,False,37.066162109375
multipron,arctic_a0068,False,39.548828125,False,39.548828125,False,39.548828125,False,39.548828125
multipron,arctic_a0069,False,43.453857421875,False,43.4541015625,False,43.453857421875,False,43.4541015625
multipron,arctic_a0070,False,36.09765625,False,36.09765625,False,36.09765625,False,36.09765625
multipron,arctic_a0071,False,44.106201171875,False,44.106201171875,False,44.106201171875,False,44.106201171875
multipron,arctic_a0072,True,0.0,True,0.0,True,0.0,True,0.0
multipron,arctic_a0073,True,0.0,True,0.0,True,0.0,True,0.0
multipron,arctic_a0074,False,44.836669921875,False,44.836669921875,False,44.836669921875,False,44.836669921875
multipron,arctic_a0075,False,40.21826171875,False,40.21826171875,False,40.21826171875,False,40.21826171875
multipron,arctic_a0076,False,30.997802734375,False,30.99755859375,False,30.997802734375,False,30.99755859375
multipron,arctic_a0077,False,35.1845703125,False,35.1845703125,False,35.1845703125,False,35.1845703125
multipron,arctic_a0078,False,39.78857421875,False,39.78857421875,False,39.78857421875,False,39.78857421875
multipron,arctic_a0079,False,46.777587890625,False,46.777587890625,False,46.777587890625,False,46.777587890625
multipron,arctic_a0080,False,44.40771484375,False,44.407958984375,False,44.40771484375,False,44.407958984375
multipron,arctic_a0081,False,21.976806640625,False,18.00927734375,False,21.976806640625,False,18.00927734375
multipron,arctic_a0082,False,35.5751953125,False,35.5751953125,False,35.5751953125,False,35.5751953125
multipron,arctic_a0083,False,24.10986328125,False,21.106201171875,False,24.10986328125,False,21.106201171875
multipron,arctic_a0084,False,27.279296875,False,27.279541015625,False,27.279296875,False,27.279541015625
multipron,arctic_a0085,False,23.951416015625,False,20.951171875,False,23.951416015625,False,20.951171875
multipron,arctic_a0086,False,20.912841796875,False,17.912841796875,False,20.912841796875,False,17.912841796875
multipron,arctic_a0087,False,31.880859375,False,31.881103515625,False,31.880859375,False,31.881103515625
multipron,arctic_a0088,False,30.383056640625,False,30.3828125,False,30.383056640625,False,30.3828125
multipron,arctic_a0089,True,0.0,True,0.0,True,0.0,True,0.0
multipron,arctic_a0090,False,36.83056640625,False,36.83056640625,False,36.83056640625,False,36.83056640625
multipron,arctic_a0091,False,30.5126953125,False,30.5126953125,False,30.5126953125,False,30.5126953125
multipron,arctic_a0092,False,17.847412109375,False,14.84765625,False,17.847412109375,False,14.84765625
multipron,arctic_a0093,False,28.836669921875,False,28.83642578125,False,28.836669921875,False,28.83642578125
multipron,arctic_a0094,False,36.46240234375,False,36.46240234375,False,36.46240234375,False,36.46240234375
multipron,arctic_a0095,False,45.969970703125,False,45.97021484375,False,45.969970703125,False,45.97021484375
multipron,arctic_a0096,False,19.9990234375,False,16.99853515625,False,19.9990234375,False,16.99853515625
multipron,arctic_a0097,False,39.03662109375,False,39.03662109375,False,39.03662109375,False,39.03662109375
multipron,arctic_a0098,False,40.030517578125,False,40.03076171875,False,40.030517578125,False,40.03076171875
multipron,arctic_a0099,False,43.651611328125,False,43.6513671875,False,43.651611328125,False,43.6513671875
multipron,arctic_a0100,False,24.3056640625,False,24.30615234375,False,24.3056640625,False,24.30615234375
multipron,arctic_a0101,False,38.810546875,False,38.81005859375,False,38.810546875,False,38.81005859375
multipron,arctic_a0102,False,32.070556640625,False,32.07080078125,False,32.070556640625,False,32.07080078125
multipron,arctic_a0103,False,41.443115234375,False,41.44287109375,False,41.443115234375,False,41.44287109375
multipron,arctic_a0104,False,33.58349609375,False,33.583740234375,False,33.58349609375,False,33.583740234375
multipron,arctic_a0105,False,41.311767578125,False,41.311767578125,False,41.311767578125,False,41.311767578125
multipron,arctic_a0106,False,35.292236328125,False,35.292236328125,False,35.292236328125,False,35.292236328125
multipron,arctic_a0107,False,43.619384765625,False,43.618896484375,False,43.619384765625,False,43.618896484375
multipron,arctic_a0108,False,16.998291015625,False,13.99853515625,False,16.998291015625,False,13.99853515625
multipron,arctic_a0109,False,43.26220703125,False,43.26220703125,False,43.26220703125,False,43.26220703125
multipron,arctic_a0110,False,43.73046875,False,43.73046875,False,43.73046875,False,43.73046875
multipron,arctic_a0111,False,39.5126953125,False,39.512939453125,False,39.5126953125,False,39.512939453125
multipron,arctic_a0112,False,32.197509765625,False,32.197509765625,False,32.197509765625,False,32.197509765625
multipron,arctic_a0113,False,26.5830078125,False,26.5830078125,False,26.5830078125,False,26.5830078125
multipron,arctic_a0114,False,24.80517578125,False,24.80517578125,False,24.80517578125,False,24.80517578125
multipron,arctic_a0115,False,34.94189453125,False,34.94189453125,False,34.94189453125,False,34.94189453125
multipron,arctic_a0116,False,39.1640625,False,39.1640625,False,39.1640625,False,39.1640625
multipron,arctic_a0117,False,19.997314453125,False,16.9970703125,False,19.997314453125,False,16.9970703125
multipron,arctic_a0118,False,42.40234375,False,42.402099609375,False,42.40234375,False,42.402099609375
multipron,arctic_a0119,False,39.0126953125,False,39.012939453125,False,39.0126953125,False,39.012939453125
multipron,arctic_a0120,False,23.0029296875,False,22.914306640625,False,23.0029296875,False,22.914306640625
multipron,arctic_a0121,False,19.999755859375,False,17.000244140625,False,19.999755859375,False,17.000244140625
multipron,arctic_a0122,False,21.102294921875,False,18.1015625,False,21.102294921875,False,18.1015625
multipron,arctic_a0123,False,38.957275390625,False,38.95751953125,False,38.957275390625,False,38.95751953125
multipron,arctic_a0124,False,23.0009765625,False,20.207275390625,False,23.0009765625,False,20.207275390625
multipron,arctic_a0125,False,20.784423828125,False,13.842529296875,False,20.784423828125,False,13.842529296875
multipron,arctic_a0126,False,43.347412109375,False,43.34765625,False,43.347412109375,False,43.34765625
multipron,arctic_a0127,False,34.013916015625,False,34.013671875,False,34.013916015625,False,34.013671875
multipron,arctic_a0128,False,33.35302734375,False,33.352783203125,False,33.35302734375,False,33.352783203125
multipron,arctic_a0129,False,20.525390625,False,17.52587890625,False,20.525390625,False,17.52587890625
multipron,arctic_a0130,False,41.83642578125,False,41.836181640625,False,41.83642578125,False,41.836181640625
multipron,arctic_a0131,False,39.71484375,False,39.71484375,False,39.71484375,False,39.71484375
multipron,arctic_a0132,False,11.0,False,8.0,False,11.0,False,8.0
multipron,arctic_a0133,False,17.947265625,False,17.9443359375,False,17.947265625,False,17.9443359375
multipron,arctic_a0134,False,26.3876953125,False,26.3876953125,False,26.3876953125,False,26.3876953125
multipron,arctic_a0135,False,46.86328125,False,46.86328125,False,46.86328125,False,46.86328125
multipron,arctic_a0136,False,34.919921875,False,34.92041015625,False,34.919921875,False,34.92041015625
multipron,arctic_a0137,False,38.71533203125,False,38.71484375,False,38.71533203125,False,38.71484375
multipron,arctic_a0138,False,41.71484375,False,41.71533203125,False,41.71484375,False,41.71533203125
multipron,arctic_a0139,False,17.6787109375,False,14.67822265625,False,17.6787109375,False,14.67822265625
multipron,arctic_a0140,False,6.0078125,False,3.0,False,3.0078125,False,0.0
multipron,arctic_a0141,False,38.11181640625,False,38.111328125,False,38.11181640625,False,38.111328125
multipron,arctic_a0142,False,18.19873046875,False,9.84423828125,False,18.19873046875,False,9.84423828125
multipron,arctic_a0143,False,36.04931640625,False,36.048828125,False,36.04931640625,False,36.048828125
multipron,arctic_a0144,False,19.99658203125,False,16.9970703125,False,19.99658203125,False,16.9970703125
multipron,arctic_a0145,False,42.81298828125,False,42.81298828125,False,42.81298828125,False,42.81298828125
multipron,arctic_a0146,False,38.3955078125,False,38.39501953125,False,38.3955078125,False,38.39501953125
multipron,arctic_a0147,False,24.12158203125,False,24.11669921875,False,24.12158203125,False,24.11669921875
multipron,arctic_a0148,False,42.974609375,False,42.97509765625,False,42.974609375,False,42.97509765625
multipron,arctic_a0149,False,30.65283203125,False,30.65234375,False,30.65283203125,False,30.65234375
multipron,arctic_a0150,False,42.02880859375,False,42.02880859375,False,42.02880859375,False,42.02880859375
multipron,arctic_a0151,False,40.9443359375,False,40.9443359375,False,40.9443359375,False,40.9443359375
multipron,arctic_a0152,False,34.64208984375,False,34.64208984375,False,34.64208984375,False,34.64208984375
multipron,arctic_a0153,False,45.13037109375,False,45.13037109375,False,45.13037109375,False,45.13037109375
multipron,arctic_a0154,False,19.3896484375,False,19.39013671875,False,19.3896484375,False,19.39013671875
multipron,arctic_a0155,False,40.18017578125,False,40.1796875,False,40.18017578125,False,40.1796875
multipron,arctic_a0156,False,36.12109375,False,36.12158203125,False,36.12109375,False,36.12158203125
multipron,arctic_a0157,False,18.43505859375,False,15.4345703125,False,18.43505859375,False,15.4345703125
multipron,arctic_a0158,False,36.70166015625,False,36.70166015625,False,36.70166015625,False,36.70166015625
multipron,arctic_a0159,False,19.0927734375,False,15.94873046875,False,19.0927734375,False,15.94873046875
multipron,arctic_a0160,False,21.89306640625,False,18.89306640625,False,21.89306640625,False,18.89306640625
multipron,arctic_a0161,False,38.50830078125,False,38.5078125,False,38.50830078125,False,38.5078125
multipron,arctic_a0162,False,21.9951171875,False,21.9951171875,False,21.9951171875,False,21.9951171875
multipron,arctic_a0163,False,32.88916015625,False,32.8896484375,False,32.88916015625,False,32.8896484375
multipron,arctic_a0164,False,36.32861328125,False,36.328125,False,36.32861328125,False,36.328125
multipron,arctic_a0165,False,32.8388671875,False,32.83935546875,False,32.8388671875,False,32.83935546875
multipron,arctic_a0166,False,41.00390625,False,41.00439453125,False,23.33349609375,False,23.33349609375
multipron,arctic_a0167,False,48.244140625,False,48.24365234375,False,48.24462890625,False,48.244140625
multipron,arctic_a0168,False,32.06201171875,False,32.0615234375,False,32.0615234375,False,32.06201171875
multipron,arctic_a0169,False,23.4599609375,False,23.46044921875,False,23.4599609375,False,23.45947265625
multipron,arctic_a0170,False,28.21826171875,False,28.2177734375,False,28.2177734375,False,28.21826171875
multipron,arctic_a0171,False,39.3173828125,False,39.3173828125,False,39.31787109375,False,39.31787109375
multipron,arctic_a0172,False,38.890625,False,38.890625,False,38.89013671875,False,38.890625
multipron,arctic_a0173,False,40.84619140625,False,40.8466796875,False,40.84619140625,False,40.845703125
multipron,arctic_a0174,False,33.12890625,False,33.12890625,False,33.12890625,False,33.12890625
multipron,arctic_a0175,False,24.32763671875,False,21.328125,False,24.328125,False,21.328125
multipron,arctic_a0176,False,18.2294921875,False,15.2255859375,False,18.22900390625,False,15.2265625
multipron,arctic_a0177,False,33.7998046875,False,33.7998046875,False,33.7998046875,False,33.7998046875
multipron,arctic_a0178,False,38.736328125,False,38.73681640625,False,38.7373046875,False,38.736328125
multipron,arctic_a0179,False,34.060546875,False,34.06005859375,False,34.060546875,False,34.060546875
multipron,arctic_a0180,False,43.3720703125,False,43.3720703125,False,43.37109375,False,43.37158203125
multipron,arctic_a0181,False,34.9443359375,False,34.94482421875,False,34.9453125,False,34.94482421875
multipron,arctic_a0182,False,36.9990234375,False,36.9990234375,False,36.99853515625,False,36.99853515625
multipron,arctic_a0183,False,39.6982421875,False,39.69775390625,False,39.6982421875,False,39.69873046875
multipron,arctic_a0184,False,43.9794921875,False,43.9794921875,False,43.97900390625,False,43.97900390625
multipron,arctic_a0185,False,20.43115234375,False,20.431640625,False,20.43212890625,False,20.431640625
multipron,arctic_a0186,False,41.17236328125,False,41.171875,False,41.17236328125,False,41.17236328125
multipron,arctic_a0187,False,41.06103515625,False,41.0615234375,False,41.060546875,False,41.06103515625
multipron,arctic_a0188,False,21.88232421875,False,18.8818359375,False,21.88232421875,False,18.88232421875
multipron,arctic_a0189,False,36.77734375,False,36.7783203125,False,36.77783203125,False,36.77734375
multipron,arctic_a0190,False,33.09375,False,19.095703125,False,33.09375,False,19.0966796875
multipron,arctic_a0191,False,29.3271484375,False,29.32666015625,False,29.326171875,False,29.32666015625
multipron,arctic_a0192,False,35.60693359375,False,35.607421875,False,35.607421875,False,35.60693359375
multipron,arctic_a0193,False,22.02197265625,False,19.021484375,False,22.02197265625,False,19.021484375
multipron,arctic_a0194,False,36.17431640625,False,36.17431640625,False,36.17431640625,False,36.17431640625
multipron,arctic_a0195,False,32.70458984375,False,32.705078125,False,32.705078125,False,32.70458984375
multipron,arctic_a0196,False,36.61328125,False,36.61328125,False,36.61328125,False,36.61328125
multipron,arctic_a0197,False,12.9052734375,False,9.90087890625,False,12.904296875,False,9.90185546875
multipron,arctic_a0198,False,12.64794921875,False,12.6484375,False,12.6484375,False,12.64794921875
multipron,arctic_a0199,False,41.64794921875,False,41.6474609375,False,41.6474609375,False,41.64794921875
multipron,arctic_a0200,False,38.45361328125,False,38.45458984375,False,38.45458984375,False,38.45361328125
multipron,arctic_a0201,False,36.08984375,False,36.0888671875,False,36.08935546875,False,36.08935546875
multipron,arctic_a0202,False,19.37255859375,False,16.37255859375,False,19.3720703125,False,16.3720703125
multipron,arctic_a0203,False,19.255859375,False,17.74951171875,False,19.255859375,False,17.75
multipron,arctic_a0204,False,44.236328125,False,44.236328125,False,44.2373046875,False,44.23681640625
multipron,arctic_a0205,False,22.27099609375,False,22.27099609375,False,22.2705078125,False,22.27099609375
multipron,arctic_a0206,False,36.1953125,False,36.19580078125,False,36.1953125,False,36.19482421875
multipron,arctic_a0207,False,22.2734375,False,22.27294921875,False,22.2734375,False,22.27392578125
multipron,arctic_a0208,False,38.82958984375,False,38.83056640625,False,38.830078125,False,38.82958984375
multipron,arctic_a0209,False,33.04345703125,False,33.04248046875,False,33.04296875,False,33.04296875
multipron,arctic_a0210,False,22.76904296875,False,19.76904296875,False,22.7685546875,False,19.7685546875
multipron,arctic_a0211,False,34.990234375,False,34.990234375,False,34.9912109375,False,34.9912109375
multipron,arctic_a0212,False,30.380859375,False,30.380859375,False,30.3798828125,False,30.3798828125
multipron,arctic_a0213,False,27.17138671875,False,27.17138671875,False,27.171875,False,27.17236328125
multipron,arctic_a0214,False,34.62548828125,False,34.62548828125,False,34.62548828125,False,34.625
multipron,arctic_a0215,False,32.91796875,False,32.91796875,False,32.91796875,False,32.91796875
multipron,arctic_a0216,False,41.5302734375,False,41.5302734375,False,41.53076171875,False,41.53076171875
multipron,arctic_a0217,False,20.86865234375,False,20.86865234375,False,20.8681640625,False,20.8681640625
multipron,arctic_a0218,False,36.259765625,False,36.259765625,False,36.259765625,False,36.26025390625
multipron,arctic_a0219,False,30.66259765625,False,30.66259765625,False,30.66259765625,False,30.662109375
multipron,arctic_a0220,False,43.634765625,False,43.634765625,False,43.634765625,False,43.63525390625
multipron,arctic_a0221,False,46.017578125,False,46.01806640625,False,46.01806640625,False,46.017578125
multipron,arctic_a0222,False,41.70361328125,False,41.703125,False,41.70263671875,False,41.703125
multipron,arctic_a0223,False,39.07177734375,False,39.072265625,False,39.072265625,False,39.07177734375
multipron,arctic_a0224,False,18.2431640625,False,15.24267578125,False,18.24365234375,False,15.24365234375
multipron,arctic_a0225,False,27.998046875,False,27.99853515625,False,27.998046875,False,27.998046875
multipron,arctic_a0226,False,27.0419921875,False,27.0419921875,False,27.0419921875,False,27.0419921875
multipron,arctic_a0227,False,24.9951171875,False,24.9951171875,False,24.9951171875,False,24.9951171875
multipron,arctic_a0228,False,33.0126953125,False,33.0126953125,False,33.0126953125,False,33.0126953125
multipron,arctic_a0229,False,40.87353515625,False,40.873046875,False,40.873046875,False,40.873046875
multipron,arctic_a0230,False,42.68505859375,False,42.68505859375,False,42.685546875,False,42.685546875
multipron,arctic_a0231,False,41.20654296875,False,41.20703125,False,41.2060546875,False,41.2060546875
multipron,arctic_a0232,False,42.26513671875,False,42.2646484375,False,42.2646484375,False,42.26513671875
multipron,arctic_a0233,False,45.150390625,False,45.15087890625,False,45.15087890625,False,45.150390625
multipron,arctic_a0234,False,38.041015625,False,38.041015625,False,38.04150390625,False,38.04150390625
multipron,arctic_a0235,False,17.10400390625,False,14.10400390625,False,17.10400390625,False,14.10400390625
multipron,arctic_a0236,False,41.61962890625,False,41.619140625,False,41.61962890625,False,41.61962890625
multipron,arctic_a0237,False,14.56787109375,False,11.568359375,False,14.5673828125,False,11.5673828125
multipron,arctic_a0238,False,38.04833984375,False,38.0478515625,False,38.04833984375,False,38.04833984375
multipron,arctic_a0239,False,37.83056640625,False,37.83056640625,False,37.83056640625,False,37.8310546875
multipron,arctic_a0240,False,39.65185546875,False,39.65185546875,False,39.65234375,False,39.65185546875
multipron,arctic_a0241,False,44.17919921875,False,44.1796875,False,44.17919921875,False,44.17919921875
multipron,arctic_a0242,False,42.95556640625,False,42.955078125,False,42.955078125,False,42.955078125
multipron,arctic_a0243,False,27.41162109375,False,27.41162109375,False,27.41162109375,False,27.41162109375
multipron,arctic_a0244,False,16.48583984375,False,15.33251953125,False,16.4853515625,False,15.33251953125
multipron,arctic_a0245,False,45.35986328125,False,45.35986328125,False,45.35986328125,False,45.35986328125
multipron,arctic_a0246,False,41.28125,False,41.28125,False,41.28173828125,False,41.28125
multipron,arctic_a0247,False,36.0263671875,False,36.02685546875,False,36.0263671875,False,36.02685546875
multipron,arctic_a0248,False,42.7314453125,False,42.7314453125,False,42.73193359375,False,42.73193359375
multipron,arctic_a0249,False,37.66650390625,False,37.666015625,False,37.66552734375,False,37.66552734375
multipron,arctic_a0250,False,41.416015625,False,41.416015625,False,41.416015625,False,41.41650390625
multipron,arctic_a0251,False,47.0859375,False,47.0859375,False,47.0859375,False,47.0859375
multipron,arctic_a0252,False,25.0009765625,False,23.626953125,False,25.00146484375,False,23.6259765625
multipron,arctic_a0253,False,40.7001953125,False,40.7001953125,False,40.69970703125,False,40.701171875
multipron,arctic_a0254,False,25.1650390625,False,25.16552734375,False,22.119140625,False,22.1181640625
multipron,arctic_a0255,False,33.62890625,False,33.62744140625,False,33.6279296875,False,33.6279296875
multipron,arctic_a0256,False,10.716796875,False,7.716796875,False,10.716796875,False,7.716796875
multipron,arctic_a0257,False,40.1533203125,False,40.1533203125,False,40.1533203125,False,40.1533203125
multipron,arctic_a0258,False,12.7109375,False,12.7109375,False,12.7109375,False,12.7109375
multipron,arctic_a0259,False,42.4482421875,False,42.44921875,False,43.44921875,False,43.44921875
multipron,arctic_a0260,False,43.5078125,False,43.5068359375,False,43.5068359375,False,43.5068359375
multipron,arctic_a0261,False,26.001953125,False,23.001953125,False,26.0009765625,False,23.001953125
multipron,arctic_a0262,False,41.2978515625,False,41.2978515625,False,41.298828125,False,41.2978515625
multipron,arctic_a0263,False,35.4521484375,False,35.4521484375,False,35.4521484375,False,35.4521484375
multipron,arctic_a0264,False,41.9697265625,False,41.970703125,False,41.9697265625,False,41.9697265625
multipron,arctic_a0265,False,31.6396484375,False,31.638671875,False,31.638671875,False,31.638671875
multipron,arctic_a0266,False,19.9990234375,False,16.9990234375,False,20.0,False,17.0
multipron,arctic_a0267,False,41.0009765625,False,41.0009765625,False,41.0009765625,False,41.0009765625
multipron,arctic_a0268,False,32.1435546875,False,32.1435546875,False,32.1435546875,False,32.1435546875
multipron,arctic_a0269,False,19.8818359375,False,19.8818359375,False,19.8818359375,False,19.8818359375
multipron,arctic_a0270,False,32.009765625,False,32.0107421875,False,32.0107421875,False,32.0107421875
multipron,arctic_a0271,False,40.177734375,False,40.1767578125,False,40.1767578125,False,40.1767578125
multipron,arctic_a0272,False,42.86328125,False,42.86328125,False,42.8623046875,False,42.8623046875
multipron,arctic_a0273,False,43.330078125,False,43.330078125,False,43.330078125,False,43.330078125
multipron,arctic_a0274,False,22.9794921875,False,19.9794921875,False,22.9794921875,False,19.9794921875
multipron,arctic_a0275,False,45.02734375,False,45.02734375,False,45.0283203125,False,45.0283203125
multipron,arctic_a0276,False,26.0,False,25.9951171875,False,26.0,False,25.994140625
multipron,arctic_a0277,False,45.640625,False,45.640625,False,45.640625,False,45.6416015625
multipron,arctic_a0278,False,51.947265625,False,51.947265625,False,51.947265625,False,51.947265625
multipron,arctic_a0279,False,29.1064453125,False,29.10546875,False,29.1064453125,False,29.10546875
multipron,arctic_a0280,False,26.037109375,False,23.037109375,False,26.037109375,False,23.037109375
multipron,arctic_a0281,False,30.005859375,False,30.005859375,False,30.0048828125,False,30.005859375
multipron,arctic_a0282,False,40.8837890625,False,40.884765625,False,40.884765625,False,40.8837890625
multipron,arctic_a0283,False,30.5302734375,False,16.7724609375,False,30.5302734375,False,16.7734375
multipron,arctic_a0284,False,21.7626953125,False,21.7626953125,False,21.7626953125,False,21.7626953125
multipron,arctic_a0285,False,39.234375,False,39.234375,False,39.2333984375,False,39.234375
multipron,arctic_a0286,False,35.619140625,False,35.619140625,False,35.6201171875,False,35.619140625
multipron,arctic_a0287,False,29.9658203125,False,29.96484375,False,29.96484375,False,29.96484375
multipron,arctic_a0288,False,20.5380859375,False,16.046875,False,20.5380859375,False,16.046875
multipron,arctic_a0289,False,38.0126953125,False,38.013671875,False,38.013671875,False,38.013671875
multipron,arctic_a0290,False,37.6640625,False,37.6640625,False,37.6640625,False,37.6640625
multipron,arctic_a0291,False,32.982421875,False,32.9814453125,False,32.982421875,False,32.9814453125
multipron,arctic_a0292,False,30.541015625,False,30.5419921875,False,30.541015625,False,30.541015625
multipron,arctic_a0293,False,19.125,False,16.1240234375,False,19.1240234375,False,16.125
multipron,arctic_a0294,False,19.6572265625,False,13.830078125,False,19.658203125,False,13.8291015625
multipron,arctic_a0295,False,22.0869140625,False,19.0859375,False,22.0859375,False,19.0869140625
multipron,arctic_a0296,False,41.2353515625,False,41.236328125,False,41.236328125,False,41.2353515625
multipron,arctic_a0297,False,19.89453125,False,16.8935546875,False,19.89453125,False,16.89453125
multipron,arctic_a0298,False,44.7900390625,False,44.7900390625,False,44.7890625,False,44.7890625
multipron,arctic_a0299,True,0.0,True,0.0,True,0.0,True,0.0
multipron,arctic_a0300,False,39.2490234375,False,39.2490234375,False,39.2490234375,False,39.2490234375
multipron,arctic_a0301,True,0.0,True,0.0,True,0.0,True,0.0
multipron,arctic_a0302,False,23.0,False,20.0,False,23.0,False,20.0
multipron,arctic_a0303,False,36.5166015625,False,36.517578125,False,36.517578125,False,36.5185546875
multipron,arctic_a0304,False,26.0927734375,False,23.0927734375,False,26.0927734375,False,23.0927734375
multipron,arctic_a0305,False,19.8359375,False,16.8359375,False,19.8359375,False,16.8349609375
multipron,arctic_a0306,False,32.7880859375,False,32.7880859375,False,32.7880859375,False,32.7890625
multipron,arctic_a0307,False,40.1630859375,False,40.162109375,False,40.162109375,False,40.162109375
multipron,arctic_a0308,False,24.19140625,False,24.19140625,False,24.1923828125,False,24.19140625
multipron,arctic_a0309,False,45.375,False,45.375,False,45.375,False,45.375
multipron,arctic_a0310,False,43.0498046875,False,43.0498046875,False,43.048828125,False,43.0498046875
multipron,arctic_a0311,False,38.8837890625,False,38.8837890625,False,38.884765625,False,38.8837890625
multipron,arctic_a0312,False,22.0048828125,False,19.00390625,False,22.00390625,False,19.00390625
multipron,arctic_a0313,False,36.9150390625,False,36.916015625,False,36.9150390625,False,36.916015625
multipron,arctic_a0314,False,27.0322265625,False,27.033203125,False,27.0341796875,False,27.0322265625
multipron,arctic_a0315,False,30.23828125,False,30.2373046875,False,30.2373046875,False,30.23828125
multipron,arctic_a0316,False,20.80078125,False,17.80078125,False,20.7998046875,False,17.80078125
multipron,arctic_a0317,False,39.1708984375,False,39.1708984375,False,39.1708984375,False,39.1708984375
multipron,arctic_a0318,False,19.7421875,False,16.0439453125,False,19.7431640625,False,16.04296875
multipron,arctic_a0319,False,42.2265625,False,42.2255859375,False,42.2255859375,False,42.2265625
multipron,arctic_a0320,False,20.8271484375,False,17.3154296875,False,20.828125,False,17.3154296875
multipron,arctic_a0321,False,16.1826171875,False,13.1826171875,False,16.1826171875,False,13.1826171875
multipron,arctic_a0322,False,18.8251953125,False,15.826171875,False,18.8251953125,False,15.826171875
multipron,arctic_a0323,False,18.14453125,False,15.14453125,False,18.1435546875,False,15.14453125
multipron,arctic_a0324,False,38.6318359375,False,38.630859375,False,38.6328125,False,38.630859375
multipron,arctic_a0325,False,33.1923828125,False,33.193359375,False,33.1923828125,False,33.193359375
multipron,arctic_a0326,False,16.9951171875,False,13.994140625,False,16.994140625,False,13.994140625
multipron,arctic_a0327,True,0.0,True,0.0,True,0.0,True,0.0
multipron,arctic_a0328,False,20.98046875,False,17.9814453125,False,20.9814453125,False,17.9814453125
multipron,arctic_a0329,False,41.9794921875,False,41.978515625,False,41.978515625,False,41.978515625
multipron,arctic_a0330,False,39.6982421875,False,39.6982421875,False,39.69921875,False,39.6982421875
multipron,arctic_a0331,False,39.853515625,False,39.8544921875,False,39.853515625,False,39.8544921875
multipron,arctic_a0332,False,43.1982421875,False,43.1982421875,False,43.19921875,False,43.1982421875
multipron,arctic_a0333,False,40.52734375,False,40.5263671875,False,40.525390625,False,40.5263671875
multipron,arctic_a0334,False,39.240234375,False,39.240234375,False,39.240234375,False,39.240234375
multipron,arctic_a0335,False,38.169921875,False,38.169921875,False,38.1708984375,False,38.169921875
multipron,arctic_a0336,False,21.419921875,False,21.4208984375,False,21.419921875,False,21.4208984375
multipron,arctic_a0337,False,41.046875,False,41.046875,False,41.046875,False,41.046875
multipron,arctic_a0338,False,21.4453125,False,21.4453125,False,21.4453125,False,21.4453125
multipron,arctic_a0339,False,19.8740234375,False,16.873046875,False,19.8740234375,False,16.873046875
multipron,arctic_a0340,False,22.001953125,False,19.0029296875,False,22.0009765625,False,19.001953125
multipron,arctic_a0341,False,37.3896484375,False,37.388671875,False,37.3896484375,False,37.3896484375
multipron,arctic_a0342,False,33.810546875,False,33.810546875,False,33.8115234375,False,33.8095703125
multipron,arctic_a0343,False,43.9853515625,False,43.9853515625,False,43.984375,False,43.986328125
multipron,arctic_a0344,False,34.7685546875,False,34.7685546875,False,34.76953125,False,34.7685546875
multipron,arctic_a0345,False,38.068359375,False,38.068359375,False,38.0673828125,False,38.068359375
multipron,arctic_a0346,False,38.806640625,False,38.806640625,False,38.8076171875,False,38.806640625
multipron,arctic_a0347,False,33.1044921875,False,33.10546875,False,33.103515625,False,33.1044921875
multipron,arctic_a0348,False,35.708984375,False,35.7080078125,False,35.708984375,False,35.708984375
multipron,arctic_a0349,False,25.0009765625,False,25.0009765625,False,25.0009765625,False,25.0009765625
multipron,arctic_a0350,True,0.0,True,0.0,True,0.0,True,0.0
multipron,arctic_a0351,False,43.90625,False,43.90625,False,43.90625,False,43.90625
multipron,arctic_a0352,False,48.109375,False,48.1103515625,False,48.111328125,False,48.109375
multipron,arctic_a0353,False,25.841796875,False,25.8408203125,False,25.8408203125,False,25.841796875
multipron,arctic_a0354,False,30.169921875,False,30.169921875,False,30.1689453125,False,30.169921875
multipron,arctic_a0355,False,40.818359375,False,40.8193359375,False,40.8203125,False,40.8193359375
multipron,arctic_a0356,False,22.0458984375,False,19.044921875,False,22.044921875,False,19.044921875
multipron,arctic_a0357,False,32.3349609375,False,32.3359375,False,32.3349609375,False,32.3359375
multipron,arctic_a0358,False,40.5107421875,False,40.509765625,False,40.5107421875,False,40.509765625
multipron,arctic_a0359,False,40.482421875,False,40.482421875,False,40.482421875,False,40.482421875
multipron,arctic_a0360,False,39.0166015625,False,39.0166015625,False,39.0166015625,False,39.0166015625
multipron,arctic_a0361,False,34.025390625,False,34.0263671875,False,34.0263671875,False,34.0263671875
multipron,arctic_a0362,False,42.08203125,False,42.0810546875,False,42.0810546875,False,42.080078125
multipron,arctic_a0363,False,33.9716796875,False,33.9716796875,False,33.9716796875,False,33.9716796875
multipron,arctic_a0364,False,40.3837890625,False,40.3837890625,False,40.3828125,False,40.3837890625
multipron,arctic_a0365,False,19.033203125,False,16.033203125,False,19.033203125,False,16.0341796875
multipron,arctic_a0366,False,25.453125,False,25.453125,False,25.453125,False,25.453125
multipron,arctic_a0367,False,32.0810546875,False,32.0810546875,False,32.08203125,False,32.0810546875
multipron,arctic_a0368,False,25.0,False,22.0,False,25.0,False,22.0
multipron,arctic_a0369,False,41.3515625,False,41.3515625,False,41.3515625,False,41.3515625
multipron,arctic_a0370,False,25.0400390625,False,13.9677734375,False,25.0400390625,False,13.966796875
multipron,arctic_a0371,False,41.7998046875,False,41.798828125,False,41.7998046875,False,41.7998046875
multipron,arctic_a0372,False,36.7861328125,False,36.7880859375,False,36.7861328125,False,36.7861328125
multipron,arctic_a0373,False,15.908203125,False,12.90625,False,15.9072265625,False,12.908203125
multipron,arctic_a0374,False,33.001953125,False,33.001953125,False,33.001953125,False,33.001953125
multipron,arctic_a0375,False,19.015625,False,16.017578125,False,19.0166015625,False,16.015625
multipron,arctic_a0376,False,20.5859375,False,19.7666015625,False,20.5859375,False,19.7685546875
multipron,arctic_a0377,False,18.984375,False,15.984375,False,18.9833984375,False,15.984375
multipron,arctic_a0378,False,39.9970703125,False,39.998046875,False,39.998046875,False,39.9970703125
multipron,arctic_a0379,False,40.119140625,False,40.119140625,False,40.119140625,False,40.119140625
multipron,arctic_a0380,False,26.017578125,False,26.0166015625,False,26.0166015625,False,26.017578125
multipron,arctic_a0381,False,40.404296875,False,40.404296875,False,40.404296875,False,40.404296875
multipron,arctic_a0382,False,41.9052734375,False,41.904296875,False,41.9052734375,False,41.904296875
multipron,arctic_a0383,False,34.162109375,False,34.1630859375,False,34.1630859375,False,34.1630859375
multipron,arctic_a0384,False,36.5849609375,False,36.5849609375,False,36.5849609375,False,36.5849609375
multipron,arctic_a0385,False,36.015625,False,36.015625,False,36.015625,False,36.015625
multipron,arctic_a0386,False,37.9921875,False,37.9921875,False,37.9912109375,False,37.9921875
multipron,arctic_a0387,False,35.798828125,False,35.798828125,False,35.7998046875,False,35.798828125
multipron,arctic_a0388,False,39.0068359375,False,39.0068359375,False,39.0068359375,False,39.0068359375
multipron,arctic_a0389,False,39.888671875,False,39.8876953125,False,39.888671875,False,39.8876953125
multipron,arctic_a0390,False,41.1337890625,False,41.134765625,False,41.1337890625,False,41.134765625
multipron,arctic_a0391,False,21.08203125,False,21.08203125,False,21.0810546875,False,21.08203125
multipron,arctic_a0392,False,38.4365234375,False,38.435546875,False,38.4375,False,38.435546875
multipron,arctic_a0393,False,21.9990234375,False,19.0,False,21.9990234375,False,19.0
multipron,arctic_a0394,False,45.4541015625,False,45.4541015625,False,45.455078125,False,45.4541015625
multipron,arctic_a0395,False,36.4501953125,False,36.4501953125,False,36.44921875,False,36.4501953125
multipron,arctic_a0396,False,41.2431640625,False,41.2431640625,False,41.2431640625,False,41.2431640625
multipron,arctic_a0397,False,38.29296875,False,38.29296875,False,38.2939453125,False,38.29296875
multipron,arctic_a0398,False,42.318359375,False,42.318359375,False,42.318359375,False,42.318359375
multipron,arctic_a0399,False,46.8681640625,False,46.8681640625,False,46.8671875,False,46.8681640625
multipron,arctic_a0400,False,41.0048828125,False,41.0048828125,False,41.0048828125,False,41.0048828125
multipron,arctic_a0401,False,36.001953125,False,36.0009765625,False,36.0009765625,False,36.0009765625
multipron,arctic_a0402,False,34.201171875,False,34.201171875,False,34.201171875,False,34.201171875
multipron,arctic_a0403,False,34.841796875,False,34.8427734375,False,34.841796875,False,34.841796875
multipron,arctic_a0404,False,19.0,False,16.0009765625,False,19.0009765625,False,16.0
multipron,arctic_a0405,False,7.716796875,False,7.71484375,False,4.716796875,False,4.716796875
multipron,arctic_a0406,False,29.9287109375,False,29.9296875,False,29.9287109375,False,29.9296875
multipron,arctic_a0407,False,45.2451171875,False,45.244140625,False,45.2451171875,False,45.244140625
multipron,arctic_a0408,False,25.01171875,False,14.01171875,False,25.0107421875,False,14.01171875
multipron,arctic_a0409,False,30.8466796875,False,30.84765625,False,30.84765625,False,30.8466796875
multipron,arctic_a0410,False,32.814453125,False,32.8134765625,False,32.814453125,False,32.814453125
multipron,arctic_a0411,False,25.3154296875,False,25.3154296875,False,25.314453125,False,25.3154296875
multipron,arctic_a0412,False,19.6240234375,False,16.6240234375,False,19.625,False,16.6240234375
multipron,arctic_a0413,False,23.06640625,False,23.0673828125,False,23.06640625,False,23.06640625
multipron,arctic_a0414,False,33.4052734375,False,33.404296875,False,33.404296875,False,33.4052734375
multipron,arctic_a0415,False,23.01953125,False,20.0048828125,False,23.0205078125,False,20.0048828125
multipron,arctic_a0416,False,40.32421875,False,40.3232421875,False,40.3232421875,False,40.3232421875
multipron,arctic_a0417,False,40.1240234375,False,40.1240234375,False,40.125,False,40.1240234375
multipron,arctic_a0418,False,28.5009765625,False,28.501953125,False,25.5009765625,False,25.501953125
multipron,arctic_a0419,False,25.82421875,False,25.822265625,False,25.8232421875,False,25.822265625
multipron,arctic_a0420,False,37.83203125,False,37.8330078125,False,37.8330078125,False,37.8330078125
multipron,arctic_a0421,False,20.0029296875,False,20.001953125,False,20.001953125,False,20.001953125
multipron,arctic_a0422,False,41.0322265625,False,41.0341796875,False,41.033203125,False,41.033203125
multipron,arctic_a0423,False,42.970703125,False,42.9697265625,False,42.9697265625,False,42.96875
multipron,arctic_a0424,False,33.9794921875,False,21.978515625,False,33.98046875,False,21.98046875
multipron,arctic_a0425,True,0.0,True,0.0,True,0.0,True,0.0
multipron,arctic_a0426,False,39.107421875,False,39.107421875,False,39.1064453125,False,39.1064453125
multipron,arctic_a0427,False,42.5673828125,False,42.568359375,False,42.5673828125,False,42.5693359375
multipron,arctic_a0428,False,47.5556640625,False,47.5546875,False,47.556640625,False,47.5546875
multipron,arctic_a0429,False,20.0,False,17.0,False,20.0,False,17.0
multipron,arctic_a0430,False,21.9912109375,False,18.9912109375,False,21.990234375,False,18.9912109375
multipron,arctic_a0431,False,25.01953125,False,25.0205078125,False,25.01953125,False,25.0205078125
multipron,arctic_a0432,False,34.642578125,False,34.642578125,False,34.642578125,False,34.642578125
multipron,arctic_a0433,False,44.126953125,False,44.1259765625,False,44.126953125,False,44.1259765625
multipron,arctic_a0434,False,24.251953125,False,24.2529296875,False,24.251953125,False,24.2529296875
multipron,arctic_a0435,False,22.994140625,False,18.40234375,False,22.9951171875,False,18.40234375
multipron,arctic_a0436,False,41.501953125,False,41.5029296875,False,41.5009765625,False,41.5029296875
multipron,arctic_a0437,False,38.6181640625,False,38.6171875,False,38.619140625,False,38.6171875
multipron,arctic_a0438,True,0.0,True,0.0,True,0.0,True,0.0
multipron,arctic_a0439,True,0.0,True,0.0,True,0.0,True,0.0
multipron,arctic_a0440,False,27.0302734375,False,27.03125,False,27.03125,False,27.03125
multipron,arctic_a0441,False,34.109375,False,34.109375,False,34.107421875,False,34.109375
multipron,arctic_a0442,False,29.88671875,False,29.88671875,False,29.88671875,False,29.88671875
multipron,arctic_a0443,False,28.197265625,False,28.1962890625,False,28.197265625,False,28.1962890625
multipron,arctic_a0444,False,40.6611328125,False,40.6611328125,False,40.662109375,False,40.6611328125
multipron,arctic_a0445,False,26.03125,False,26.0322265625,False,26.0302734375,False,26.0322265625
multipron,arctic_a0446,False,24.171875,False,24.171875,False,24.171875,False,24.171875
multipron,arctic_a0447,False,43.3369140625,False,43.3369140625,False,43.337890625,False,43.3369140625
multipron,arctic_a0448,False,35.0009765625,False,24.0009765625,False,35.0,False,24.0009765625
multipron,arctic_a0449,False,43.36328125,False,43.36328125,False,43.36328125,False,43.36328125
multipron,arctic_a0450,False,41.9990234375,False,41.998046875,False,42.0,False,41.998046875
multipron,arctic_a0451,True,0.0,True,0.0,True,0.0,True,0.0
multipron,arctic_a0452,False,28.3134765625,False,28.3134765625,False,28.3134765625,False,28.3134765625
multipron,arctic_a0453,False,42.900390625,False,42.900390625,False,42.900390625,False,42.900390625
multipron,arctic_a0454,False,32.7919921875,False,32.79296875,False,32.7919921875,False,32.79296875
multipron,arctic_a0455,False,47.9794921875,False,47.978515625,False,47.978515625,False,47.978515625
multipron,arctic_a0456,False,20.388671875,False,17.3896484375,False,20.388671875,False,17.3896484375
multipron,arctic_a0457,False,22.171875,False,22.171875,False,22.171875,False,22.171875
multipron,arctic_a0458,False,38.9384765625,False,38.9375,False,38.9384765625,False,38.9375
multipron,arctic_a0459,False,35.71484375,False,35.71484375,False,35.71484375,False,35.71484375
multipron,arctic_a0460,False,26.0,False,23.0,False,26.0,False,23.0
multipron,arctic_a0461,False,9.357421875,False,6.3583984375,False,3.0,False,0.0
multipron,arctic_a0462,False,27.986328125,False,27.986328125,False,27.986328125,False,27.986328125
multipron,arctic_a0463,False,26.0859375,False,26.0859375,False,26.0859375,False,26.0859375
multipron,arctic_a0464,False,29.96484375,False,29.96484375,False,29.9658203125,False,29.96484375
multipron,arctic_a0465,False,30.294921875,False,30.294921875,False,30.2939453125,False,30.294921875
multipron,arctic_a0466,False,33.3564453125,False,33.3564453125,False,33.3564453125,False,33.3564453125
multipron,arctic_a0467,False,42.7734375,False,42.7734375,False,42.7734375,False,42.7734375
multipron,arctic_a0468,False,23.01953125,False,20.01953125,False,23.0205078125,False,20.01953125
multipron,arctic_a0469,False,36.03515625,False,36.03515625,False,36.03515625,False,36.03515625
multipron,arctic_a0470,False,31.009765625,False,31.009765625,False,31.0078125,False,31.009765625
multipron,arctic_a0471,False,34.1552734375,False,34.1533203125,False,34.1552734375,False,34.1533203125
multipron,arctic_a0472,False,36.103515625,False,36.1044921875,False,36.1044921875,False,36.10546875
multipron,arctic_a0473,False,37.5712890625,False,37.5703125,False,37.572265625,False,37.5703125
multipron,arctic_a0474,False,42.1962890625,False,42.197265625,False,42.1953125,False,42.197265625
multipron,arctic_a0475,False,22.072265625,False,15.0732421875,False,22.072265625,False,15.072265625
multipron,arctic_a0476,False,43.0556640625,False,43.0556640625,False,43.056640625,False,43.0556640625
multipron,arctic_a0477,False,35.7626953125,False,35.7607421875,False,35.76171875,False,35.7607421875
multipron,arctic_a0478,False,44.96875,False,44.9697265625,False,44.96875,False,44.9697265625
multipron,arctic_a0479,False,42.931640625,False,42.931640625,False,42.9306640625,False,42.931640625
multipron,arctic_a0480,False,37.3623046875,False,37.36328125,False,37.3642578125,False,37.36328125
multipron,arctic_a0481,False,23.025390625,False,22.466796875,False,23.0244140625,False,22.466796875
multipron,arctic_a0482,False,29.9921875,False,29.9921875,False,29.9912109375,False,29.9931640625
multipron,arctic_a0483,False,20.0,False,17.0,False,20.0,False,17.0
multipron,arctic_a0484,True,0.0,True,0.0,True,0.0,True,0.0
multipron,arctic_a0485,False,39.98828125,False,39.9892578125,False,39.98828125,False,39.98828125
multipron,arctic_a0486,False,37.9521484375,False,37.9521484375,False,37.9521484375,False,37.9521484375
multipron,arctic_a0487,False,20.5205078125,False,17.51953125,False,20.521484375,False,17.51953125
multipron,arctic_a0488,False,20.033203125,False,17.033203125,False,20.033203125,False,17.033203125
multipron,arctic_a0489,False,19.9833984375,False,18.9765625,False,19.984375,False,18.9765625
multipron,arctic_a0490,False,19.7216796875,False,16.7197265625,False,19.7197265625,False,16.7197265625
multipron,arctic_a0491,False,39.0,False,39.0009765625,False,39.001953125,False,39.001953125
multipron,arctic_a0492,False,39.234375,False,39.2333984375,False,39.232421875,False,39.232421875
multipron,arctic_a0493,False,36.3173828125,False,36.3173828125,False,36.3173828125,False,36.3173828125
multipron,arctic_a0494,False,41.12109375,False,41.1220703125,False,41.1220703125,False,41.1220703125
multipron,arctic_a0495,False,16.009765625,False,15.5810546875,False,16.0087890625,False,15.58203125
multipron,arctic_a0496,False,40.2861328125,False,40.2861328125,False,40.2880859375,False,40.28515625
multipron,arctic_a0497,False,37.7509765625,False,37.7509765625,False,37.7490234375,False,37.7509765625
multipron,arctic_a0498,False,18.580078125,False,18.580078125,False,18.5810546875,False,18.580078125
multipron,arctic_a0499,False,41.0263671875,False,41.025390625,False,41.025390625,False,41.0263671875
multipron,arctic_a0500,False,34.017578125,False,34.01953125,False,34.01953125,False,34.0185546875
multipron,arctic_a0501,False,32.9833984375,False,32.982421875,False,32.982421875,False,32.982421875
multipron,arctic_a0502,False,47.83984375,False,47.83984375,False,47.83984375,False,47.8408203125
multipron,arctic_a0503,False,31.375,False,31.375,False,31.375,False,31.3740234375
multipron,arctic_a0504,False,25.6796875,False,25.6796875,False,25.6796875,False,25.6796875
multipron,arctic_a0505,False,43.626953125,False,43.6259765625,False,43.626953125,False,43.6259765625
multipron,arctic_a0506,False,26.2314453125,False,26.2314453125,False,23.23046875,False,23.232421875
multipron,arctic_a0507,False,19.0791015625,False,16.0791015625,False,19.0791015625,False,16.078125
multipron,arctic_a0508,False,20.18359375,False,20.185546875,False,17.1845703125,False,17.185546875
multipron,arctic_a0509,False,31.994140625,False,19.0888671875,False,31.994140625,False,19.0888671875
multipron,arctic_a0510,False,32.529296875,False,32.529296875,False,32.529296875,False,32.529296875
multipron,arctic_a0511,False,37.8330078125,False,37.833984375,False,37.8330078125,False,37.833984375
multipron,arctic_a0512,False,21.5537109375,False,18.5537109375,False,21.5537109375,False,18.5537109375
multipron,arctic_a0513,False,41.0546875,False,41.0537109375,False,41.0546875,False,41.0546875
multipron,arctic_a0514,False,21.90625,False,18.9072265625,False,21.90625,False,18.90625
multipron,arctic_a0515,False,31.880859375,False,31.880859375,False,31.880859375,False,31.880859375
multipron,arctic_a0516,False,26.333984375,False,26.3330078125,False,26.333984375,False,26.3330078125
multipron,arctic_a0517,False,37.0,False,37.0,False,36.998046875,False,37.0
multipron,arctic_a0518,False,33.091796875,False,33.0927734375,False,33.09375,False,33.0927734375
multipron,arctic_a0519,False,24.095703125,False,24.0947265625,False,24.095703125,False,24.095703125
multipron,arctic_a0520,False,33.955078125,False,33.955078125,False,33.955078125,False,33.9541015625
multipron,arctic_a0521,False,39.849609375,False,39.8486328125,False,39.849609375,False,39.8486328125
multipron,arctic_a0522,False,37.07421875,False,37.0751953125,False,37.07421875,False,37.0751953125
multipron,arctic_a0523,False,21.04296875,False,21.0419921875,False,21.04296875,False,21.0419921875
multipron,arctic_a0524,False,11.86328125,False,8.8642578125,False,11.865234375,False,8.865234375
multipron,arctic_a0525,True,0.0,True,0.0,True,0.0,True,0.0
multipron,arctic_a0526,False,41.740234375,False,41.740234375,False,41.73828125,False,41.7392578125
multipron,arctic_a0527,False,36.6328125,False,36.630859375,False,36.6328125,False,36.6318359375
multipron,arctic_a0528,False,33.943359375,False,20.0078125,False,33.943359375,False,20.0078125
multipron,arctic_a0529,False,38.26171875,False,38.26171875,False,38.26171875,False,38.26171875
multipron,arctic_a0530,False,39.955078125,False,39.95703125,False,39.955078125,False,39.95703125
multipron,arctic_a0531,False,33.923828125,False,33.921875,False,33.921875,False,33.921875
multipron,arctic_a0532,False,22.998046875,False,20.0,False,23.0,False,19.998046875
multipron,arctic_a0533,False,38.009765625,False,38.0078125,False,38.0078125,False,38.0078125
multipron,arctic_a0534,False,34.1953125,False,34.1953125,False,34.197265625,False,34.197265625
multipron,arctic_a0535,False,44.685546875,False,44.6875,False,44.685546875,False,44.685546875
multipron,arctic_a0536,False,13.8125,False,10.810546875,False,13.8125,False,10.8125
multipron,arctic_a0537,False,36.265625,False,36.267578125,False,36.265625,False,36.265625
multipron,arctic_a0538,False,24.765625,False,24.76171875,False,24.763671875,False,24.763671875
multipron,arctic_a0539,False,28.9375,False,28.9375,False,28.939453125,False,28.9375
multipron,arctic_a0540,False,40.052734375,False,40.052734375,False,40.052734375,False,40.052734375
multipron,arctic_a0541,False,40.0078125,False,40.0078125,False,40.005859375,False,40.005859375
multipron,arctic_a0542,False,20.986328125,False,17.986328125,False,20.98828125,False,17.986328125
multipron,arctic_a0543,False,46.400390625,False,46.40234375,False,46.400390625,False,46.40234375
multipron,arctic_a0544,False,24.95703125,False,11.94921875,False,24.955078125,False,11.951171875
multipron,arctic_a0545,False,29.845703125,False,29.84765625,False,29.845703125,False,29.84765625
multipron,arctic_a0546,False,25.119140625,False,25.1171875,False,25.119140625,False,25.115234375
multipron,arctic_a0547,False,28.45703125,False,28.45703125,False,28.45703125,False,28.458984375
multipron,arctic_a0548,False,39.99609375,False,39.998046875,False,39.998046875,False,39.998046875
multipron,arctic_a0549,False,35.0390625,False,35.0390625,False,35.0390625,False,35.037109375
multipron,arctic_a0550,False,39.09375,False,39.09375,False,39.09375,False,39.09375
multipron,arctic_a0551,False,34.19921875,False,34.197265625,False,34.197265625,False,34.19921875
multipron,arctic_a0552,False,39.4140625,False,39.4140625,False,39.4140625,False,39.4140625
multipron,arctic_a0553,False,43.95703125,False,43.95703125,False,43.958984375,False,43.95703125
multipron,arctic_a0554,False,40.169921875,False,40.169921875,False,40.16796875,False,40.16796875
multipron,arctic_a0555,False,36.015625,False,36.017578125,False,36.017578125,False,36.017578125
multipron,arctic_a0556,False,35.103515625,False,35.103515625,False,35.103515625,False,35.103515625
multipron,arctic_a0557,False,17.166015625,False,14.166015625,False,17.166015625,False,14.166015625
multipron,arctic_a0558,False,22.0390625,False,19.037109375,False,22.037109375,False,19.037109375
multipron,arctic_a0559,False,36.853515625,False,36.853515625,False,36.85546875,False,36.85546875
multipron,arctic_a0560,False,15.611328125,False,12.611328125,False,15.611328125,False,12.611328125
multipron,arctic_a0561,False,40.33984375,False,40.33984375,False,40.33984375,False,40.33984375
multipron,arctic_a0562,False,39.388671875,False,39.388671875,False,39.388671875,False,39.388671875
multipron,arctic_a0563,True,0.0,True,0.0,True,0.0,True,0.0
multipron,arctic_a0564,False,33.44140625,False,33.44140625,False,33.44140625,False,33.44140625
multipron,arctic_a0565,False,38.2265625,False,38.2265625,False,38.224609375,False,38.224609375
multipron,arctic_a0566,True,0.0,True,0.0,True,0.0,True,0.0
multipron,arctic_a0567,False,33.970703125,False,33.970703125,False,33.97265625,False,33.970703125
multipron,arctic_a0568,False,26.935546875,False,26.935546875,False,26.935546875,False,26.9375
multipron,arctic_a0569,False,45.05859375,False,45.05859375,False,45.05859375,False,45.05859375
multipron,arctic_a0570,False,41.115234375,False,41.115234375,False,41.11328125,False,41.11328125
multipron,arctic_a0571,False,16.98828125,False,13.98828125,False,16.98828125,False,13.98828125
multipron,arctic_a0572,False,26.427734375,False,23.08203125,False,26.4296875,False,23.083984375
multipron,arctic_a0573,False,20.560546875,False,17.560546875,False,20.560546875,False,17.560546875
multipron,arctic_a0574,False,35.55859375,False,35.560546875,False,35.55859375,False,35.55859375
multipron,arctic_a0575,False,39.00390625,False,39.001953125,False,39.00390625,False,39.001953125
multipron,arctic_a0576,False,22.15625,False,19.15625,False,22.15625,False,19.158203125
multipron,arctic_a0577,False,21.19140625,False,18.19140625,False,21.189453125,False,18.19140625
multipron,arctic_a0578,False,19.87109375,False,16.87109375,False,19.87109375,False,16.87109375
multipron,arctic_a0579,False,42.857421875,False,42.857421875,False,42.859375,False,42.85546875
multipron,arctic_a0580,False,30.89453125,False,30.896484375,False,30.89453125,False,30.896484375
multipron,arctic_a0581,True,0.0,True,0.0,True,0.0,True,0.0
multipron,arctic_a0582,False,38.77734375,False,38.7734375,False,38.775390625,False,38.775390625
multipron,arctic_a0583,True,0.0,True,0.0,True,0.0,True,0.0
multipron,arctic_a0584,True,0.0,True,0.0,True,0.0,True,0.0
multipron,arctic_a0585,False,36.30078125,False,36.30078125,False,36.30078125,False,36.30078125
multipron,arctic_a0586,False,34.98046875,False,34.984375,False,34.982421875,False,34.984375
multipron,arctic_a0587,True,0.0,False,14.583984375,True,0.0,False,14.58203125
multipron,arctic_a0588,False,16.26171875,False,16.26171875,False,16.263671875,False,16.26171875
multipron,arctic_a0589,False,42.994140625,False,42.9921875,False,42.9921875,False,42.9921875
multipron,arctic_a0590,False,42.947265625,False,42.94921875,False,42.94921875,False,42.94921875
multipron,arctic_a0591,False,41.123046875,False,41.123046875,False,41.12109375,False,41.123046875
multipron,arctic_a0592,False,27.203125,False,20.06640625,False,27.203125,False,20.068359375
multipron,arctic_a0593,False,15.701171875,False,15.701171875,False,15.701171875,False,15.69921875
multipron,arctic_b0001,False,31.796875,False,31.796875,False,31.796875,False,31.796875
multipron,arctic_b0002,False,43.6953125,False,43.6953125,False,43.697265625,False,43.697265625
multipron,arctic_b0003,False,45.96875,False,45.96875,False,45.966796875,False,45.96875
multipron,arctic_b0004,False,42.80859375,False,42.806640625,False,42.80859375,False,42.806640625
multipron,arctic_b0005,False,20.01953125,False,17.021484375,False,20.021484375,False,17.021484375
multipron,arctic_b0006,False,38.228515625,False,38.228515625,False,38.2265625,False,38.2265625
multipron,arctic_b0007,False,36.111328125,False,36.111328125,False,36.111328125,False,36.111328125
multipron,arctic_b0008,False,42.451171875,False,42.451171875,False,42.451171875,False,42.453125
multipron,arctic_b0009,False,57.447265625,False,57.44921875,False,57.44921875,False,57.447265625
multipron,arctic_b0010,False,34.953125,False,34.951171875,False,34.951171875,False,34.951171875
multipron,arctic_b0011,True,0.0,True,0.0,True,0.0,True,0.0
multipron,arctic_b0012,False,31.99609375,False,31.99609375,False,31.99609375,False,31.99609375
multipron,arctic_b0013,False,44.416015625,False,44.416015625,False,44.416015625,False,44.41796875
multipron,arctic_b0014,False,31.994140625,False,31.99609375,False,31.99609375,False,31.994140625
multipron,arctic_b0015,False,43.23828125,False,43.236328125,False,43.23828125,False,43.23828125
multipron,arctic_b0016,False,31.67578125,False,31.67578125,False,31.673828125,False,31.673828125
multipron,arctic_b0017,False,36.015625,False,36.017578125,False,36.017578125,False,36.017578125
multipron,arctic_b0018,False,47.05859375,False,47.05859375,False,47.05859375,False,47.05859375
multipron,arctic_b0019,False,37.08203125,False,37.080078125,False,37.08203125,False,37.08203125
multipron,arctic_b0020,False,41.494140625,False,41.494140625,False,41.4921875,False,41.494140625
multipron,arctic_b0021,False,36.52734375,False,36.52734375,False,36.52734375,False,36.52734375
multipron,arctic_b0022,False,40.091796875,False,40.091796875,False,40.091796875,False,40.091796875
multipron,arctic_b0023,False,34.99609375,False,34.99609375,False,34.99609375,False,34.994140625
multipron,arctic_b0024,False,45.96875,False,45.96875,False,45.96875,False,45.970703125
multipron,arctic_b0025,False,35.310546875,False,35.310546875,False,35.310546875,False,35.310546875
multipron,arctic_b0026,False,43.015625,False,43.017578125,False,43.017578125,False,43.015625
multipron,arctic_b0027,False,34.791015625,False,34.791015625,False,34.791015625,False,34.791015625
multipron,arctic_b0028,False,46.318359375,False,46.31640625,False,46.31640625,False,46.318359375
multipron,arctic_b0029,False,42.126953125,False,42.12890625,False,42.12890625,False,42.126953125
multipron,arctic_b0030,False,11.0,False,8.0,False,11.0,False,8.0
multipron,arctic_b0031,False,39.20703125,False,39.205078125,False,39.20703125,False,39.20703125
multipron,arctic_b0032,False,28.619140625,False,28.619140625,False,28.6171875,False,28.619140625
multipron,arctic_b0033,False,42.505859375,False,42.505859375,False,42.5078125,False,42.505859375
multipron,arctic_b0034,False,39.462890625,False,39.462890625,False,39.4609375,False,39.462890625
multipron,arctic_b0035,False,23.58984375,False,20.58984375,False,23.58984375,False,20.587890625
multipron,arctic_b0036,False,17.421875,False,14.421875,False,17.423828125,False,14.423828125
multipron,arctic_b0037,False,33.408203125,False,33.408203125,False,33.40625,False,33.40625
multipron,arctic_b0038,False,7.994140625,False,4.994140625,False,7.994140625,False,4.994140625
multipron,arctic_b0039,False,11.1171875,False,11.1171875,False,5.8984375,False,5.8984375
multipron,arctic_b0040,False,34.017578125,False,34.015625,False,34.015625,False,34.017578125
multipron,arctic_b0041,False,38.87890625,False,38.87890625,False,38.87890625,False,38.87890625
multipron,arctic_b0042,False,25.654296875,False,25.65625,False,25.65625,False,25.654296875
multipron,arctic_b0043,False,48.595703125,False,48.595703125,False,48.595703125,False,48.595703125
multipron,arctic_b0044,False,17.013671875,False,14.013671875,False,17.013671875,False,14.013671875
multipron,arctic_b0045,False,17.072265625,False,14.07421875,False,17.072265625,False,14.072265625
multipron,arctic_b0046,False,33.0703125,False,33.068359375,False,33.0703125,False,33.0703125
multipron,arctic_b0047,False,34.52734375,False,34.52734375,False,34.525390625,False,34.52734375
multipron,arctic_b0048,False,40.291015625,False,40.291015625,False,40.29296875,False,40.291015625
multipron,arctic_b0049,False,19.69921875,False,16.69921875,False,19.69921875,False,16.697265625
multipron,arctic_b0050,False,43.208984375,False,43.20703125,False,43.20703125,False,43.208984375
multipron,arctic_b0051,False,47.140625,False,47.142578125,False,47.142578125,False,47.142578125
multipron,arctic_b0052,False,24.853515625,False,24.853515625,False,24.853515625,False,24.853515625
multipron,arctic_b0053,False,19.818359375,False,16.8046875,False,19.81640625,False,16.8046875
multipron,arctic_b0054,False,18.85546875,False,18.794921875,False,18.85546875,False,18.794921875
multipron,arctic_b0055,False,41.34375,False,41.34375,False,41.34375,False,41.34375
multipron,arctic_b0056,False,43.056640625,False,43.056640625,False,43.05859375,False,43.056640625
multipron,arctic_b0057,False,22.58984375,False,22.58984375,False,22.58984375,False,22.58984375
multipron,arctic_b0058,False,39.52734375,False,39.52734375,False,39.52734375,False,39.52734375
multipron,arctic_b0059,False,23.03125,False,20.03125,False,23.03125,False,20.03125
multipron,arctic_b0060,False,36.787109375,False,36.787109375,False,36.787109375,False,36.787109375
multipron,arctic_b0061,False,15.30078125,False,12.298828125,False,15.298828125,False,12.30078125
multipron,arctic_b0062,False,45.544921875,False,45.546875,False,45.546875,False,45.544921875
multipron,arctic_b0063,False,31.41015625,False,31.41015625,False,31.41015625,False,31.41015625
multipron,arctic_b0064,False,36.91015625,False,36.91015625,False,36.91015625,False,36.91015625
multipron,arctic_b0065,False,52.41796875,False,52.41796875,False,52.41796875,False,52.41796875
multipron,arctic_b0066,False,41.0703125,False,41.0703125,False,41.0703125,False,41.0703125
multipron,arctic_b0067,False,31.103515625,False,31.1015625,False,31.103515625,False,31.103515625
multipron,arctic_b0068,False,45.02734375,False,45.029296875,False,45.025390625,False,45.02734375
multipron,arctic_b0069,False,42.162109375,False,42.16015625,False,42.1640625,False,42.16015625
multipron,arctic_b0070,False,39.751953125,False,39.751953125,False,39.75,False,39.75
multipron,arctic_b0071,False,37.056640625,False,37.05859375,False,37.05859375,False,37.060546875
multipron,arctic_b0072,False,42.486328125,False,42.48828125,False,42.486328125,False,42.486328125
multipron,arctic_b0073,False,38.1328125,False,38.130859375,False,38.1328125,False,38.1328125
multipron,arctic_b0074,False,29.95703125,False,29.955078125,False,29.95703125,False,29.95703125
multipron,arctic_b0075,False,46.96875,False,46.96875,False,46.966796875,False,46.96875
multipron,arctic_b0076,True,0.0,True,0.0,True,0.0,True,0.0
multipron,arctic_b0077,False,36.90234375,False,36.904296875,False,36.904296875,False,36.90234375
multipron,arctic_b0078,False,6.0,False,3.001953125,False,3.0,False,0.0
multipron,arctic_b0079,False,34.21484375,False,34.21484375,False,34.21484375,False,34.21484375
multipron,arctic_b0080,False,35.8828125,False,35.8828125,False,35.8828125,False,35.8828125
multipron,arctic_b0081,False,43.984375,False,43.982421875,False,43.982421875,False,43.984375
multipron,arctic_b0082,False,20.33203125,False,20.333984375,False,20.333984375,False,20.333984375
multipron,arctic_b0083,False,39.48046875,False,39.48046875,False,39.48046875,False,39.478515625
multipron,arctic_b0084,False,38.9375,False,38.935546875,False,38.935546875,False,38.9375
multipron,arctic_b0085,False,28.76171875,False,28.76171875,False,28.76171875,False,28.76171875
multipron,arctic_b0086,False,21.341796875,False,18.291015625,False,21.34375,False,18.291015625
multipron,arctic_b0087,False,38.4765625,False,38.4765625,False,38.4765625,False,38.4765625
multipron,arctic_b0088,False,36.025390625,False,36.02734375,False,36.025390625,False,36.02734375
multipron,arctic_b0089,False,23.76953125,False,23.76953125,False,23.76953125,False,23.76953125
multipron,arctic_b0090,False,6.060546875,False,3.05859375,False,8.048828125,False,5.048828125
multipron,arctic_b0091,False,29.291015625,False,29.291015625,False,29.2890625,False,29.2890625
multipron,arctic_b0092,False,37.978515625,False,37.98046875,False,37.98046875,False,37.978515625
multipron,arctic_b0093,False,41.318359375,False,41.318359375,False,41.318359375,False,41.3203125
multipron,arctic_b0094,False,42.537109375,False,42.53515625,False,42.537109375,False,42.537109375
multipron,arctic_b0095,False,39.92578125,False,39.927734375,False,39.92578125,False,39.92578125
multipron,arctic_b0096,False,40.82421875,False,40.822265625,False,40.82421875,False,40.82421875
multipron,arctic_b0097,False,26.66015625,False,15.529296875,False,26.66015625,False,15.52734375
multipron,arctic_b0098,False,39.732421875,False,39.73046875,False,39.73046875,False,39.73046875
multipron,arctic_b0099,False,22.783203125,False,19.783203125,False,22.783203125,False,19.783203125
multipron,arctic_b0100,False,40.048828125,False,40.05078125,False,40.05078125,False,40.05078125
multipron,arctic_b0101,False,42.4609375,False,42.4609375,False,42.462890625,False,42.4609375
multipron,arctic_b0102,False,43.078125,False,43.078125,False,43.076171875,False,43.076171875
multipron,arctic_b0103,False,16.0078125,False,13.0078125,False,16.009765625,False,13.009765625
multipron,arctic_b0104,False,36.91015625,False,36.91015625,False,36.91015625,False,36.912109375
multipron,arctic_b0105,False,25.001953125,False,22.001953125,False,24.998046875,False,22.0
multipron,arctic_b0106,False,17.787109375,False,13.546875,False,17.787109375,False,13.546875
multipron,arctic_b0107,False,19.05078125,False,16.052734375,False,19.052734375,False,16.052734375
multipron,arctic_b0108,False,26.0703125,False,26.0703125,False,26.0703125,False,26.0703125
multipron,arctic_b0109,False,41.373046875,False,41.373046875,False,41.373046875,False,41.373046875
multipron,arctic_b0110,False,34.2421875,False,34.240234375,False,34.2421875,False,34.2421875
multipron,arctic_b0111,False,38.798828125,False,38.80078125,False,38.798828125,False,38.798828125
multipron,arctic_b0112,False,20.0,False,16.998046875,False,19.998046875,False,16.998046875
multipron,arctic_b0113,False,42.431640625,False,42.431640625,False,42.43359375,False,42.431640625
multipron,arctic_b0114,False,38.767578125,False,38.76953125,False,38.76953125,False,38.76953125
multipron,arctic_b0115,False,28.70703125,False,28.705078125,False,28.703125,False,28.705078125
multipron,arctic_b0116,False,55.953125,False,55.951171875,False,55.955078125,False,55.953125
multipron,arctic_b0117,True,0.0,True,0.0,True,0.0,True,0.0
multipron,arctic_b0118,False,44.109375,False,44.109375,False,44.109375,False,44.109375
multipron,arctic_b0119,False,42.037109375,False,42.041015625,False,42.037109375,False,42.0390625
multipron,arctic_b0120,False,24.060546875,False,24.060546875,False,24.0625,False,24.060546875
multipron,arctic_b0121,False,27.091796875,False,27.08984375,False,27.08984375,False,27.091796875
multipron,arctic_b0122,False,43.173828125,False,43.17578125,False,43.17578125,False,43.173828125
multipron,arctic_b0123,True,0.0,True,0.0,True,0.0,True,0.0
multipron,arctic_b0124,False,19.88671875,False,19.88671875,False,19.884765625,False,19.88671875
multipron,arctic_b0125,False,42.578125,False,42.57421875,False,42.578125,False,42.576171875
multipron,arctic_b0126,True,0.0,True,0.0,True,0.0,True,0.0
multipron,arctic_b0127,False,35.99609375,False,35.998046875,False,35.99609375,False,35.99609375
multipron,arctic_b0128,False,32.54296875,False,32.544921875,False,32.544921875,False,32.546875
multipron,arctic_b0129,False,40.7109375,False,40.7109375,False,40.7109375,False,40.708984375
multipron,arctic_b0130,False,22.134765625,False,18.998046875,False,22.1328125,False,19.0
multipron,arctic_b0131,False,38.232421875,False,38.232421875,False,38.232421875,False,38.23046875
multipron,arctic_b0132,False,26.1640625,False,26.166015625,False,26.166015625,False,26.166015625
multipron,arctic_b0133,False,19.05078125,False,16.041015625,False,19.048828125,False,16.04296875
multipron,arctic_b0134,False,39.01171875,False,39.013671875,False,39.009765625,False,39.01171875
multipron,arctic_b0135,False,23.73046875,False,23.732421875,False,23.732421875,False,23.73046875
multipron,arctic_b0136,False,26.8671875,False,26.865234375,False,22.931640625,False,22.93359375
multipron,arctic_b0137,False,41.150390625,False,41.150390625,False,41.15234375,False,41.150390625
multipron,arctic_b0138,False,44.822265625,False,44.822265625,False,44.822265625,False,44.822265625
multipron,arctic_b0139,False,35.77734375,False,35.775390625,False,35.775390625,False,35.775390625
multipron,arctic_b0140,False,31.611328125,False,31.61328125,False,31.61328125,False,31.61328125
multipron,arctic_b0141,False,22.041015625,False,19.0390625,False,22.0390625,False,19.041015625
multipron,arctic_b0142,False,32.689453125,False,32.69140625,False,32.69140625,False,32.6875
multipron,arctic_b0143,False,33.005859375,False,33.005859375,False,33.00390625,False,33.0078125
multipron,arctic_b0144,False,32.345703125,False,32.345703125,False,32.34765625,False,32.34375
multipron,arctic_b0145,False,19.83984375,False,16.83984375,False,19.837890625,False,16.841796875
multipron,arctic_b0146,False,30.798828125,False,30.796875,False,30.798828125,False,30.796875
multipron,arctic_b0147,False,39.234375,False,39.236328125,False,39.236328125,False,39.236328125
multipron,arctic_b0148,False,20.015625,False,16.978515625,False,20.015625,False,16.978515625
multipron,arctic_b0149,False,39.40625,False,39.40234375,False,39.40234375,False,39.40234375
multipron,arctic_b0150,False,41.232421875,False,41.234375,False,41.236328125,False,41.234375
multipron,arctic_b0151,False,51.044921875,False,51.046875,False,51.044921875,False,51.046875
multipron,arctic_b0152,False,36.146484375,False,36.146484375,False,36.146484375,False,36.14453125
multipron,arctic_b0153,False,33.615234375,False,33.611328125,False,33.61328125,False,33.61328125
multipron,arctic_b0154,False,29.197265625,False,29.201171875,False,29.19921875,False,29.19921875
multipron,arctic_b0155,False,38.345703125,False,38.341796875,False,38.34375,False,38.34375
multipron,arctic_b0156,False,28.58203125,False,28.583984375,False,28.58203125,False,28.583984375
multipron,arctic_b0157,False,42.91796875,False,42.919921875,False,42.91796875,False,42.91796875
multipron,arctic_b0158,False,20.12890625,False,17.125,False,20.12890625,False,17.12890625
multipron,arctic_b0159,False,30.0859375,False,30.0859375,False,30.0859375,False,30.0859375
multipron,arctic_b0160,False,23.009765625,False,20.00390625,False,23.01171875,False,20.0
multipron,arctic_b0161,False,43.32421875,False,43.322265625,False,43.322265625,False,43.32421875
multipron,arctic_b0162,True,0.0,True,0.0,True,0.0,True,0.0
multipron,arctic_b0163,False,37.046875,False,37.046875,False,37.048828125,False,37.046875
multipron,arctic_b0164,False,35.06640625,False,35.06640625,False,35.064453125,False,35.06640625
multipron,arctic_b0165,False,20.009765625,False,20.005859375,False,20.009765625,False,20.005859375
multipron,arctic_b0166,False,32.99609375,False,32.998046875,False,32.998046875,False,32.99609375
multipron,arctic_b0167,False,44.06640625,False,44.064453125,False,44.064453125,False,44.06640625
multipron,arctic_b0168,False,29.623046875,False,29.623046875,False,29.623046875,False,29.623046875
multipron,arctic_b0169,False,38.931640625,False,38.93359375,False,38.931640625,False,38.931640625
multipron,arctic_b0170,False,46.5390625,False,46.541015625,False,46.541015625,False,46.541015625
multipron,arctic_b0171,False,39.01953125,False,39.015625,False,39.017578125,False,39.017578125
multipron,arctic_b0172,False,39.78515625,False,39.78515625,False,39.78515625,False,39.787109375
multipron,arctic_b0173,False,39.728515625,False,39.73046875,False,39.73046875,False,39.7265625
multipron,arctic_b0174,False,40.705078125,False,40.703125,False,40.703125,False,40.703125
multipron,arctic_b0175,False,43.1484375,False,43.1484375,False,43.1484375,False,43.150390625
multipron,arctic_b0176,False,44.251953125,False,44.251953125,False,44.25390625,False,44.251953125
multipron,arctic_b0177,False,40.017578125,False,40.017578125,False,40.017578125,False,40.017578125
multipron,arctic_b0178,False,42.171875,False,42.171875,False,42.169921875,False,42.169921875
multipron,arctic_b0179,False,24.19140625,False,21.0,False,24.19140625,False,21.001953125
multipron,arctic_b0180,False,46.8203125,False,46.8203125,False,46.8203125,False,46.8203125
multipron,arctic_b0181,False,22.59765625,False,18.494140625,False,22.59765625,False,18.494140625
multipron,arctic_b0182,False,46.626953125,False,46.626953125,False,46.62890625,False,46.626953125
multipron,arctic_b0183,False,26.21875,False,26.220703125,False,26.21875,False,26.220703125
multipron,arctic_b0184,False,14.212890625,False,11.2109375,False,14.2109375,False,11.2109375
multipron,arctic_b0185,False,40.828125,False,40.830078125,False,40.830078125,False,40.828125
multipron,arctic_b0186,False,26.578125,False,26.578125,False,26.576171875,False,26.578125
multipron,arctic_b0187,False,42.921875,False,42.923828125,False,42.923828125,False,42.923828125
multipron,arctic_b0188,False,19.744140625,False,16.7421875,False,19.744140625,False,16.744140625
multipron,arctic_b0189,False,21.708984375,False,18.708984375,False,21.708984375,False,18.708984375
multipron,arctic_b0190,False,27.322265625,False,27.322265625,False,27.322265625,False,27.3203125
multipron,arctic_b0191,False,25.03125,False,18.013671875,False,25.03125,False,18.015625
multipron,arctic_b0192,False,25.01953125,False,22.01953125,False,25.015625,False,22.017578125
multipron,arctic_b0193,False,37.6171875,False,37.6171875,False,37.62109375,False,37.619140625
multipron,arctic_b0194,False,19.212890625,False,16.2109375,False,19.2109375,False,16.2109375
multipron,arctic_b0195,False,42.14453125,False,42.14453125,False,42.14453125,False,42.146484375
multipron,arctic_b0196,False,46.9296875,False,46.931640625,False,46.9296875,False,46.927734375
multipron,arctic_b0197,False,11.6484375,False,11.646484375,False,7.939453125,False,7.939453125
multipron,arctic_b0198,False,50.71484375,False,50.716796875,False,50.716796875,False,50.71484375
multipron,arctic_b0199,False,43.33984375,False,43.33984375,False,43.33984375,False,43.33984375
multipron,arctic_b0200,False,47.482421875,False,47.482421875,False,47.48046875,False,47.484375
multipron,arctic_b0201,False,44.845703125,False,44.845703125,False,44.84765625,False,44.845703125
multipron,arctic_b0202,False,6.728515625,False,6.728515625,False,3.724609375,False,3.724609375
multipron,arctic_b0203,False,41.806640625,False,41.806640625,False,41.806640625,False,41.80859375
multipron,arctic_b0204,False,23.0,False,20.0,False,23.0,False,20.0
multipron,arctic_b0205,False,24.908203125,False,24.908203125,False,24.91015625,False,24.908203125
multipron,arctic_b0206,False,43.607421875,False,43.60546875,False,43.60546875,False,43.607421875
multipron,arctic_b0207,False,30.11328125,False,30.115234375,False,30.11328125,False,30.111328125
multipron,arctic_b0208,False,40.27734375,False,40.279296875,False,40.28125,False,40.283203125
multipron,arctic_b0209,False,40.275390625,False,40.2734375,False,40.2734375,False,40.271484375
multipron,arctic_b0210,False,44.0625,False,44.0625,False,44.0625,False,44.0625
multipron,arctic_b0211,False,38.1015625,False,38.1015625,False,38.1015625,False,38.1015625
multipron,arctic_b0212,False,41.287109375,False,41.2890625,False,41.287109375,False,41.2890625
multipron,arctic_b0213,False,14.400390625,False,11.3984375,False,14.400390625,False,11.3984375
multipron,arctic_b0214,False,36.951171875,False,36.94921875,False,36.94921875,False,36.947265625
multipron,arctic_b0215,False,33.78125,False,33.783203125,False,33.78515625,False,33.78515625
multipron,arctic_b0216,False,44.869140625,False,44.869140625,False,44.8671875,False,44.869140625
multipron,arctic_b0217,False,38.958984375,False,38.958984375,False,38.95703125,False,38.958984375
multipron,arctic_b0218,False,30.126953125,False,30.125,False,30.126953125,False,30.125
multipron,arctic_b0219,False,43.615234375,False,43.615234375,False,43.6171875,False,43.615234375
multipron,arctic_b0220,False,41.70703125,False,41.70703125,False,41.70703125,False,41.708984375
multipron,arctic_b0221,False,41.93359375,False,41.93359375,False,41.931640625,False,41.9296875
multipron,arctic_b0222,False,27.77734375,False,27.779296875,False,27.78125,False,27.78125
multipron,arctic_b0223,False,45.19921875,False,45.201171875,False,45.197265625,False,45.19921875
multipron,arctic_b0224,False,42.90625,False,42.90234375,False,42.904296875,False,42.904296875
multipron,arctic_b0225,False,24.841796875,False,24.841796875,False,24.84375,False,24.841796875
multipron,arctic_b0226,False,39.634765625,False,39.634765625,False,39.634765625,False,39.63671875
multipron,arctic_b0227,False,24.244140625,False,20.900390625,False,24.244140625,False,20.8984375
multipron,arctic_b0228,False,24.98828125,False,24.98828125,False,24.98828125,False,24.98828125
multipron,arctic_b0229,False,46.57421875,False,46.572265625,False,46.572265625,False,46.57421875
multipron,arctic_b0230,False,41.83984375,False,41.841796875,False,41.841796875,False,41.83984375
multipron,arctic_b0231,False,23.14453125,False,23.142578125,False,23.142578125,False,23.14453125
multipron,arctic_b0232,False,44.029296875,False,44.03125,False,44.03125,False,44.029296875
multipron,arctic_b0233,False,31.00390625,False,31.001953125,False,31.00390625,False,31.001953125
multipron,arctic_b0234,False,22.0078125,False,19.0078125,False,22.005859375,False,19.0078125
multipron,arctic_b0235,False,42.40234375,False,42.404296875,False,42.404296875,False,42.40625
multipron,arctic_b0236,False,36.625,False,36.625,False,36.623046875,False,36.62109375
multipron,arctic_b0237,False,40.47265625,False,40.470703125,False,40.474609375,False,40.47265625
multipron,arctic_b0238,False,37.35546875,False,37.357421875,False,37.35546875,False,37.357421875
multipron,arctic_b0239,False,38.013671875,False,38.01171875,False,38.013671875,False,38.01171875
multipron,arctic_b0240,False,32.783203125,False,32.783203125,False,32.783203125,False,32.783203125
multipron,arctic_b0241,False,40.650390625,False,40.650390625,False,40.6484375,False,40.650390625
multipron,arctic_b0242,False,28.466796875,False,28.466796875,False,28.46875,False,28.466796875
multipron,arctic_b0243,False,20.05078125,False,17.052734375,False,20.052734375,False,17.052734375
multipron,arctic_b0244,False,37.486328125,False,37.486328125,False,37.484375,False,37.486328125
multipron,arctic_b0245,False,43.23828125,False,43.23828125,False,43.23828125,False,43.23828125
multipron,arctic_b0246,False,38.447265625,False,38.447265625,False,38.4453125,False,38.447265625
multipron,arctic_b0247,False,32.099609375,False,32.09765625,False,32.099609375,False,32.099609375
multipron,arctic_b0248,False,35.1875,False,35.19140625,False,35.189453125,False,35.189453125
multipron,arctic_b0249,False,26.013671875,False,23.0,False,26.01171875,False,22.998046875
multipron,arctic_b0250,False,7.5,False,7.5,False,8.5,False,8.5
multipron,arctic_b0251,False,20.97265625,False,17.970703125,False,20.97265625,False,17.97265625
multipron,arctic_b0252,False,41.08984375,False,41.091796875,False,41.09375,False,41.091796875
multipron,arctic_b0253,False,19.017578125,False,16.017578125,False,19.015625,False,16.017578125
multipron,arctic_b0254,False,23.162109375,False,23.162109375,False,23.162109375,False,23.162109375
multipron,arctic_b0255,False,44.390625,False,44.390625,False,44.390625,False,44.390625
multipron,arctic_b0256,False,26.001953125,False,23.0,False,26.001953125,False,23.001953125
multipron,arctic_b0257,False,21.9375,False,18.9375,False,21.9375,False,18.9375
multipron,arctic_b0258,False,31.0078125,False,17.9921875,False,31.005859375,False,17.990234375
multipron,arctic_b0259,False,45.525390625,False,45.52734375,False,45.525390625,False,45.52734375
multipron,arctic_b0260,False,22.0,False,19.0,False,22.0,False,19.0
multipron,arctic_b0261,False,41.9921875,False,41.9921875,False,41.99609375,False,41.9921875
multipron,arctic_b0262,False,12.0,False,12.0,False,9.0,False,9.0
multipron,arctic_b0263,False,46.833984375,False,46.83203125,False,46.83203125,False,46.833984375
multipron,arctic_b0264,False,31.92578125,False,31.92578125,False,31.923828125,False,31.923828125
multipron,arctic_b0265,False,45.23046875,False,45.23046875,False,45.232421875,False,45.228515625
multipron,arctic_b0266,False,21.28515625,False,18.28515625,False,21.283203125,False,18.287109375
multipron,arctic_b0267,False,37.4296875,False,37.4296875,False,37.4296875,False,37.427734375
multipron,arctic_b0268,False,25.982421875,False,25.98046875,False,25.982421875,False,25.984375
multipron,arctic_b0269,False,40.462890625,False,40.462890625,False,40.46484375,False,40.4609375
multipron,arctic_b0270,False,32.525390625,False,32.525390625,False,32.525390625,False,32.525390625
multipron,arctic_b0271,False,41.578125,False,41.578125,False,41.576171875,False,41.578125
multipron,arctic_b0272,False,39.58203125,False,39.58203125,False,39.58203125,False,39.58203125
multipron,arctic_b0273,False,27.96484375,False,27.96484375,False,27.966796875,False,27.96484375
multipron,arctic_b0274,False,38.7890625,False,38.7890625,False,38.787109375,False,38.7890625
multipron,arctic_b0275,False,36.28515625,False,36.287109375,False,36.28515625,False,36.287109375
multipron,arctic_b0276,False,24.11328125,False,24.111328125,False,24.11328125,False,24.111328125
multipron,arctic_b0277,False,45.3984375,False,45.400390625,False,45.3984375,False,45.400390625
multipron,arctic_b0278,False,38.90625,False,38.904296875,False,38.90625,False,38.904296875
multipron,arctic_b0279,False,21.146484375,False,21.1484375,False,21.1484375,False,21.1484375
multipron,arctic_b0280,False,40.072265625,False,40.0703125,False,40.0703125,False,40.072265625
multipron,arctic_b0281,False,42.134765625,False,42.134765625,False,42.134765625,False,42.1328125
multipron,arctic_b0282,False,33.939453125,False,33.939453125,False,33.939453125,False,33.94140625
multipron,arctic_b0283,False,45.04296875,False,45.04296875,False,45.04296875,False,45.04296875
multipron,arctic_b0284,False,43.162109375,False,43.162109375,False,43.1640625,False,43.16015625
multipron,arctic_b0285,False,39.943359375,False,39.943359375,False,39.94140625,False,39.9453125
multipron,arctic_b0286,False,20.46875,False,17.46875,False,20.46875,False,17.46875
multipron,arctic_b0287,False,43.6875,False,43.6875,False,43.6875,False,43.6875
multipron,arctic_b0288,False,40.2421875,False,40.2421875,False,40.244140625,False,40.240234375
multipron,arctic_b0289,False,41.98828125,False,41.990234375,False,41.990234375,False,41.990234375
multipron,arctic_b0290,False,34.0625,False,34.060546875,False,34.05859375,False,34.0625
multipron,arctic_b0291,False,37.3828125,False,37.3828125,False,37.3828125,False,37.380859375
multipron,arctic_b0292,False,20.021484375,False,19.97265625,False,20.021484375,False,19.97265625
multipron,arctic_b0293,False,21.208984375,False,21.20703125,False,21.208984375,False,21.208984375
multipron,arctic_b0294,False,22.26953125,False,22.26953125,False,22.26953125,False,22.26953125
multipron,arctic_b0295,False,22.021484375,False,19.67578125,False,22.0234375,False,19.673828125
multipron,arctic_b0296,False,44.294921875,False,44.294921875,False,44.294921875,False,44.294921875
multipron,arctic_b0297,False,31.44921875,False,31.447265625,False,31.447265625,False,31.447265625
multipron,arctic_b0298,False,32.01953125,False,23.4921875,False,32.0234375,False,23.494140625
multipron,arctic_b0299,True,0.0,True,0.0,True,0.0,True,0.0
multipron,arctic_b0300,False,32.060546875,False,32.060546875,False,32.05859375,False,32.05859375
multipron,arctic_b0301,False,24.130859375,False,21.126953125,False,24.130859375,False,21.12890625
multipron,arctic_b0302,False,34.0078125,False,34.0078125,False,34.005859375,False,34.005859375
multipron,arctic_b0303,False,18.88671875,False,18.884765625,False,18.88671875,False,18.884765625
multipron,arctic_b0304,False,37.775390625,False,37.775390625,False,37.775390625,False,37.77734375
multipron,arctic_b0305,False,26.22265625,False,26.224609375,False,26.224609375,False,26.22265625
multipron,arctic_b0306,False,19.318359375,False,16.318359375,False,19.318359375,False,16.3203125
multipron,arctic_b0307,False,25.08203125,False,25.080078125,False,25.080078125,False,25.078125
multipron,arctic_b0308,False,47.0859375,False,47.087890625,False,47.087890625,False,47.08984375
multipron,arctic_b0309,False,43.521484375,False,43.521484375,False,43.51953125,False,43.51953125
multipron,arctic_b0310,False,43.22265625,False,43.220703125,False,43.22265625,False,43.22265625
multipron,arctic_b0311,True,0.0,True,0.0,True,0.0,True,0.0
multipron,arctic_b0312,True,0.0,True,0.0,True,0.0,True,0.0
multipron,arctic_b0313,False,34.599609375,False,17.703125,False,34.599609375,False,17.703125
multipron,arctic_b0314,False,29.90625,False,29.91015625,False,29.908203125,False,29.908203125
multipron,arctic_b0315,False,45.1640625,False,45.162109375,False,45.162109375,False,45.162109375
multipron,arctic_b0316,False,37.375,False,37.376953125,False,37.375,False,37.376953125
multipron,arctic_b0317,False,38.15234375,False,38.15234375,False,38.15234375,False,38.15234375
multipron,arctic_b0318,False,34.111328125,False,34.111328125,False,34.11328125,False,34.111328125
multipron,arctic_b0319,False,41.083984375,False,41.083984375,False,41.083984375,False,41.083984375
multipron,arctic_b0320,False,42.1796875,False,42.1796875,False,42.181640625,False,42.181640625
multipron,arctic_b0321,False,42.44921875,False,42.447265625,False,42.4453125,False,42.4453125
multipron,arctic_b0322,False,38.431640625,False,38.431640625,False,38.431640625,False,38.431640625
multipron,arctic_b0323,False,36.904296875,False,36.904296875,False,36.904296875,False,36.904296875
multipron,arctic_b0324,False,39.951171875,False,39.951171875,False,39.951171875,False,39.951171875
multipron,arctic_b0325,False,42.041015625,False,42.04296875,False,42.044921875,False,42.044921875
multipron,arctic_b0326,False,47.478515625,False,47.478515625,False,47.4765625,False,47.4765625
multipron,arctic_b0327,False,39.271484375,False,39.271484375,False,39.271484375,False,39.2734375
multipron,arctic_b0328,False,38.18359375,False,38.1796875,False,38.181640625,False,38.1796875
multipron,arctic_b0329,False,29.798828125,False,29.802734375,False,29.80078125,False,29.80078125
multipron,arctic_b0330,False,42.32421875,False,42.322265625,False,42.322265625,False,42.322265625
multipron,arctic_b0331,False,30.080078125,False,30.08203125,False,30.080078125,False,30.08203125
multipron,arctic_b0332,False,46.583984375,False,46.58203125,False,46.583984375,False,46.58203125
multipron,arctic_b0333,False,41.58984375,False,41.58984375,False,41.58984375,False,41.58984375
multipron,arctic_b0334,False,42.087890625,False,42.08984375,False,42.08984375,False,42.08984375
multipron,arctic_b0335,False,29.373046875,False,29.373046875,False,29.373046875,False,29.373046875
multipron,arctic_b0336,False,48.306640625,False,48.306640625,False,48.306640625,False,48.30859375
multipron,arctic_b0337,False,38.896484375,False,38.896484375,False,38.89453125,False,38.89453125
multipron,arctic_b0338,False,44.828125,False,44.828125,False,44.830078125,False,44.828125
multipron,arctic_b0339,False,43.634765625,False,43.634765625,False,43.6328125,False,43.634765625
multipron,arctic_b0340,False,44.01171875,False,44.01171875,False,44.01171875,False,44.01171875
multipron,arctic_b0341,False,44.986328125,False,44.986328125,False,44.98828125,False,44.986328125
multipron,arctic_b0342,False,54.974609375,False,54.974609375,False,54.974609375,False,54.974609375
multipron,arctic_b0343,False,26.037109375,False,26.037109375,False,26.03515625,False,26.037109375
multipron,arctic_b0344,False,44.490234375,False,44.490234375,False,44.490234375,False,44.490234375
multipron,arctic_b0345,False,48.07421875,False,48.07421875,False,48.07421875,False,48.07421875
multipron,arctic_b0346,False,31.01171875,False,31.01171875,False,31.01171875,False,31.013671875
multipron,arctic_b0347,False,40.380859375,False,40.380859375,False,40.380859375,False,40.37890625
multipron,arctic_b0348,False,40.4296875,False,40.4296875,False,40.431640625,False,40.4296875
multipron,arctic_b0349,False,42.478515625,False,42.478515625,False,42.4765625,False,42.478515625
multipron,arctic_b0350,False,10.16015625,False,7.046875,False,10.16015625,False,7.048828125
multipron,arctic_b0351,False,25.8125,False,25.814453125,False,25.81640625,False,25.8125
multipron,arctic_b0352,False,51.908203125,False,51.90625,False,51.904296875,False,51.90625
multipron,arctic_b0353,False,49.291015625,False,49.291015625,False,49.291015625,False,49.291015625
multipron,arctic_b0354,False,38.03125,False,38.033203125,False,38.03515625,False,38.033203125
multipron,arctic_b0355,False,35.765625,False,35.763671875,False,35.76171875,False,35.763671875
multipron,arctic_b0356,False,36.6953125,False,36.697265625,False,36.6953125,False,36.697265625
multipron,arctic_b0357,False,39.037109375,False,39.03515625,False,39.0390625,False,39.03515625
multipron,arctic_b0358,False,43.505859375,False,43.505859375,False,43.505859375,False,43.505859375
multipron,arctic_b0359,False,40.66796875,False,40.66796875,False,40.666015625,False,40.66796875
multipron,arctic_b0360,False,49.53125,False,49.53125,False,49.53125,False,49.53125
multipron,arctic_b0361,True,0.0,True,0.0,True,0.0,True,0.0
multipron,arctic_b0362,False,39.76953125,False,39.76953125,False,39.76953125,False,39.771484375
multipron,arctic_b0363,False,41.96484375,False,41.966796875,False,41.96484375,False,41.96484375
multipron,arctic_b0364,False,25.15625,False,25.154296875,False,25.15625,False,25.154296875
multipron,arctic_b0365,False,44.171875,False,44.171875,False,44.171875,False,44.171875
multipron,arctic_b0366,False,39.0,False,39.0,False,39.0,False,39.0
multipron,arctic_b0367,False,37.98046875,False,37.98046875,False,37.98046875,False,37.98046875
multipron,arctic_b0368,False,38.033203125,False,38.03515625,False,39.03515625,False,39.03515625
multipron,arctic_b0369,False,22.01953125,False,19.01171875,False,22.01953125,False,19.013671875
multipron,arctic_b0370,False,24.125,False,24.123046875,False,24.123046875,False,24.12109375
multipron,arctic_b0371,False,47.056640625,False,47.060546875,False,47.05859375,False,47.0625
multipron,arctic_b0372,False,46.76171875,False,46.76171875,False,46.759765625,False,46.759765625
multipron,arctic_b0373,False,22.96875,False,19.966796875,False,22.96875,False,19.966796875
multipron,arctic_b0374,False,21.908203125,False,18.908203125,False,21.908203125,False,18.908203125
multipron,arctic_b0375,False,44.623046875,False,44.625,False,44.623046875,False,44.625
multipron,arctic_b0376,False,16.91015625,False,16.91015625,False,16.912109375,False,16.912109375
multipron,arctic_b0377,False,43.17578125,False,43.17578125,False,43.17578125,False,43.173828125
multipron,arctic_b0378,False,41.94140625,False,41.94140625,False,41.943359375,False,41.94140625
multipron,arctic_b0379,False,20.001953125,False,17.0,False,20.0,False,17.0
multipron,arctic_b0380,False,30.98828125,False,30.98828125,False,30.98828125,False,30.990234375
multipron,arctic_b0381,False,22.982421875,False,19.984375,False,22.982421875,False,19.982421875
multipron,arctic_b0382,False,47.103515625,False,47.1015625,False,47.103515625,False,47.103515625
multipron,arctic_b0383,False,27.822265625,False,27.82421875,False,27.8203125,False,27.822265625
multipron,arctic_b0384,True,0.0,True,0.0,True,0.0,True,0.0
multipron,arctic_b0385,False,47.56640625,False,47.56640625,False,47.56640625,False,47.56640625
multipron,arctic_b0386,False,24.998046875,False,21.99609375,False,25.0,False,21.998046875
multipron,arctic_b0387,False,36.287109375,False,36.287109375,False,36.287109375,False,36.28515625
multipron,arctic_b0388,False,28.0,False,28.0,False,27.998046875,False,28.0
multipron,arctic_b0389,False,40.421875,False,40.423828125,False,40.423828125,False,40.423828125
multipron,arctic_b0390,False,42.890625,False,42.88671875,False,42.890625,False,42.888671875
multipron,arctic_b0391,True,0.0,True,0.0,True,0.0,True,0.0
multipron,arctic_b0392,False,32.833984375,False,32.833984375,False,32.833984375,False,32.83203125
multipron,arctic_b0393,False,45.1328125,False,45.134765625,False,45.1328125,False,45.134765625
multipron,arctic_b0394,False,40.97265625,False,40.97265625,False,40.970703125,False,40.97265625
multipron,arctic_b0395,False,40.640625,False,40.638671875,False,40.642578125,False,40.638671875
multipron,arctic_b0396,False,20.607421875,False,20.609375,False,20.60546875,False,20.609375
multipron,arctic_b0397,False,36.47265625,False,36.47265625,False,36.47265625,False,36.47265625
multipron,arctic_b0398,False,42.466796875,False,42.466796875,False,42.46875,False,42.46875
multipron,arctic_b0399,False,40.744140625,False,40.744140625,False,40.744140625,False,40.7421875
multipron,arctic_b0400,False,21.947265625,False,18.9453125,False,21.947265625,False,18.9453125
multipron,arctic_b0401,False,25.86328125,False,22.86328125,False,25.86328125,False,22.86328125
multipron,arctic_b0402,False,23.294921875,False,23.29296875,False,23.294921875,False,23.29296875
multipron,arctic_b0403,False,46.5859375,False,46.583984375,False,46.583984375,False,46.5859375
multipron,arctic_b0404,False,37.716796875,False,37.716796875,False,37.716796875,False,37.71484375
multipron,arctic_b0405,False,52.5234375,False,52.521484375,False,52.5234375,False,52.5234375
multipron,arctic_b0406,False,43.939453125,False,43.94140625,False,43.939453125,False,43.939453125
multipron,arctic_b0407,False,38.1328125,False,38.1328125,False,38.134765625,False,38.134765625
multipron,arctic_b0408,False,38.39453125,False,38.39453125,False,38.392578125,False,38.392578125
multipron,arctic_b0409,False,50.451171875,False,50.44921875,False,50.451171875,False,50.44921875
multipron,arctic_b0410,False,46.703125,False,46.705078125,False,46.705078125,False,46.705078125
multipron,arctic_b0411,False,31.740234375,False,31.740234375,False,31.740234375,False,31.740234375
multipron,arctic_b0412,False,10.13671875,False,7.12109375,False,10.134765625,False,7.123046875
multipron,arctic_b0413,False,38.98046875,False,38.982421875,False,38.98046875,False,38.98046875
multipron,arctic_b0414,False,41.291015625,False,41.291015625,False,41.29296875,False,41.291015625
multipron,arctic_b0415,False,37.759765625,False,37.7578125,False,37.755859375,False,37.7578125
multipron,arctic_b0416,False,43.4765625,False,43.48046875,False,43.482421875,False,43.48046875
multipron,arctic_b0417,False,22.71875,False,16.43359375,False,22.71484375,False,16.435546875
multipron,arctic_b0418,False,42.203125,False,42.20703125,False,42.20703125,False,42.205078125
multipron,arctic_b0419,False,41.51953125,False,41.517578125,False,41.515625,False,41.517578125
multipron,arctic_b0420,False,25.93359375,False,19.93359375,False,25.9375,False,19.93359375
multipron,arctic_b0421,False,23.6171875,False,23.6171875,False,23.61328125,False,23.6171875
multipron,arctic_b0422,False,42.17578125,False,42.17578125,False,42.1796875,False,42.17578125
multipron,arctic_b0423,False,42.69140625,False,42.693359375,False,42.69140625,False,42.693359375
multipron,arctic_b0424,False,40.98828125,False,40.98828125,False,40.98828125,False,40.98828125
multipron,arctic_b0425,False,40.68359375,False,40.6796875,False,40.6796875,False,40.6796875
multipron,arctic_b0426,False,23.3671875,False,23.369140625,False,23.3671875,False,23.369140625
multipron,arctic_b0427,False,38.71484375,False,38.712890625,False,38.71484375,False,38.712890625
multipron,arctic_b0428,False,33.05859375,False,33.060546875,False,33.05859375,False,33.060546875
multipron,arctic_b0429,False,47.66015625,False,47.658203125,False,47.66015625,False,47.66015625
multipron,arctic_b0430,False,40.265625,False,40.267578125,False,40.265625,False,40.265625
multipron,arctic_b0431,False,37.81640625,False,37.814453125,False,37.81640625,False,37.81640625
multipron,arctic_b0432,False,17.5625,False,14.564453125,False,17.56640625,False,14.5625
multipron,arctic_b0433,False,33.76953125,False,33.767578125,False,33.765625,False,33.76953125
multipron,arctic_b0434,False,19.24609375,False,16.244140625,False,19.24609375,False,16.2421875
multipron,arctic_b0435,False,36.55859375,False,36.564453125,False,36.5625,False,36.5625
multipron,arctic_b0436,False,37.21484375,False,37.21484375,False,37.21484375,False,37.21484375
multipron,arctic_b0437,False,39.3203125,False,39.31640625,False,39.31640625,False,39.3203125
multipron,arctic_b0438,False,27.921875,False,27.921875,False,27.921875,False,27.921875
multipron,arctic_b0439,False,46.796875,False,46.796875,False,46.796875,False,46.796875
multipron,arctic_b0440,False,20.0234375,False,17.0234375,False,20.0234375,False,17.0234375
multipron,arctic_b0441,False,47.09765625,False,47.1015625,False,47.1015625,False,47.09765625
multipron,arctic_b0442,False,20.68359375,False,20.6796875,False,20.6796875,False,20.6796875
multipron,arctic_b0443,False,48.203125,False,48.203125,False,48.203125,False,48.20703125
multipron,arctic_b0444,False,18.015625,False,15.01171875,False,18.015625,False,15.01171875
multipron,arctic_b0445,False,45.3046875,False,45.3125,False,45.3046875,False,45.30859375
multipron,arctic_b0446,False,24.55078125,False,24.546875,False,24.55078125,False,24.55078125
multipron,arctic_b0447,False,52.33984375,False,52.33984375,False,52.33984375,False,52.33984375
multipron,arctic_b0448,False,39.04296875,False,39.04296875,False,39.046875,False,39.04296875
multipron,arctic_b0449,False,42.76171875,False,42.76171875,False,42.76171875,False,42.76171875
multipron,arctic_b0450,False,27.9921875,False,27.9921875,False,27.98828125,False,27.98828125
multipron,arctic_b0451,False,52.2734375,False,52.2734375,False,52.2734375,False,52.2734375
multipron,arctic_b0452,False,40.0859375,False,40.0859375,False,40.0859375,False,40.08984375
multipron,arctic_b0453,False,30.640625,False,30.640625,False,30.640625,False,30.640625
multipron,arctic_b0454,False,40.75,False,40.75,False,40.75,False,40.75
multipron,arctic_b0455,False,20.23046875,False,17.2265625,False,20.23046875,False,17.2265625
multipron,arctic_b0456,False,40.51953125,False,40.5234375,False,40.51953125,False,40.51953125
multipron,arctic_b0457,False,48.046875,False,48.04296875,False,48.046875,False,48.046875
multipron,arctic_b0458,False,37.953125,False,37.95703125,False,37.95703125,False,37.953125
multipron,arctic_b0459,False,20.5078125,False,17.32421875,False,20.50390625,False,17.32421875
multipron,arctic_b0460,False,46.375,False,46.375,False,46.375,False,46.37890625
multipron,arctic_b0461,False,42.76953125,False,42.76953125,False,42.76953125,False,42.765625
multipron,arctic_b0462,False,40.73046875,False,40.73046875,False,40.73046875,False,40.734375
multipron,arctic_b0463,False,42.36328125,False,42.36328125,False,42.36328125,False,42.36328125
multipron,arctic_b0464,False,25.00390625,False,22.00390625,False,25.00390625,False,22.00390625
multipron,arctic_b0465,False,39.9453125,False,39.9453125,False,39.94921875,False,39.9453125
multipron,arctic_b0466,False,51.24609375,False,51.24609375,False,51.2421875,False,51.24609375
multipron,arctic_b0467,False,23.9921875,False,20.9921875,False,23.9921875,False,20.9921875
multipron,arctic_b0468,False,43.21875,False,43.21875,False,43.21875,False,43.21484375
multipron,arctic_b0469,True,0.0,True,0.0,True,0.0,True,0.0
multipron,arctic_b0470,False,40.19140625,False,40.19140625,False,40.1953125,False,40.1953125
multipron,arctic_b0471,False,40.6875,False,40.6875,False,40.6875,False,40.6875
multipron,arctic_b0472,False,31.15625,False,31.15625,False,31.15234375,False,31.15625
multipron,arctic_b0473,False,43.25,False,43.25,False,43.25,False,43.25
multipron,arctic_b0474,False,45.1015625,False,45.1015625,False,45.1015625,False,45.1015625
multipron,arctic_b0475,False,45.38671875,False,45.38671875,False,45.390625,False,45.38671875
multipron,arctic_b0476,False,44.1015625,False,44.1015625,False,44.09765625,False,44.1015625
multipron,arctic_b0477,False,40.9375,False,40.9375,False,40.9375,False,40.9375
multipron,arctic_b0478,False,41.22265625,False,41.22265625,False,41.22265625,False,41.22265625
multipron,arctic_b0479,False,43.98046875,False,43.98046875,False,43.98046875,False,43.9765625
multipron,arctic_b0480,True,0.0,True,0.0,True,0.0,True,0.0
multipron,arctic_b0481,False,23.56640625,False,23.56640625,False,23.56640625,False,23.5703125
multipron,arctic_b0482,False,24.76171875,False,21.7578125,False,24.76171875,False,21.75390625
multipron,arctic_b0483,False,25.43359375,False,16.0859375,False,25.4375,False,16.08984375
multipron,arctic_b0484,False,37.9921875,False,37.9921875,False,37.9921875,False,37.98828125
multipron,arctic_b0485,False,20.04296875,False,17.0390625,False,20.0390625,False,17.04296875
multipron,arctic_b0486,False,32.78125,False,32.78125,False,32.78125,False,32.78125
multipron,arctic_b0487,False,34.9921875,False,34.9921875,False,34.9921875,False,34.9921875
multipron,arctic_b0488,False,20.015625,False,17.0,False,20.015625,False,17.0
multipron,arctic_b0489,False,42.26953125,False,42.26953125,False,42.26953125,False,42.265625
multipron,arctic_b0490,False,21.7734375,False,18.7734375,False,21.7734375,False,18.77734375
multipron,arctic_b0491,True,0.0,True,0.0,True,0.0,True,0.0
multipron,arctic_b0492,False,42.29296875,False,42.296875,False,42.296875,False,42.296875
multipron,arctic_b0493,False,25.7734375,False,19.76953125,False,25.76953125,False,19.76953125
multipron,arctic_b0494,False,42.03125,False,42.03515625,False,42.03515625,False,42.03125
multipron,arctic_b0495,False,46.3828125,False,46.37890625,False,46.37890625,False,46.3828125
multipron,arctic_b0496,True,0.0,True,0.0,True,0.0,True,0.0
multipron,arctic_b0497,False,46.91796875,False,46.91796875,False,46.91796875,False,46.91796875
multipron,arctic_b0498,False,46.41015625,False,46.4140625,False,46.4140625,False,46.4140625
multipron,arctic_b0499,False,37.0,False,36.99609375,False,36.99609375,False,36.99609375
multipron,arctic_b0500,False,47.55859375,False,47.55859375,False,47.55859375,False,47.5546875
multipron,arctic_b0501,False,21.99609375,False,18.99609375,False,21.99609375,False,19.0
multipron,arctic_b0502,False,38.8671875,False,38.8671875,False,38.8671875,False,38.86328125
multipron,arctic_b0503,False,35.0390625,False,35.04296875,False,35.04296875,False,35.046875
multipron,arctic_b0504,False,41.296875,False,41.296875,False,41.296875,False,41.296875
multipron,arctic_b0505,False,38.8046875,False,38.80078125,False,38.80078125,False,38.796875
multipron,arctic_b0506,False,34.39453125,False,34.39453125,False,34.39453125,False,34.3984375
multipron,arctic_b0507,False,41.35546875,False,41.35546875,False,41.35546875,False,41.3515625
multipron,arctic_b0508,False,23.9375,False,20.0,False,23.94140625,False,20.00390625
multipron,arctic_b0509,False,38.40625,False,38.40625,False,38.40234375,False,38.40234375
multipron,arctic_b0510,False,45.39453125,False,45.390625,False,45.39453125,False,45.39453125
multipron,arctic_b0511,False,44.8125,False,44.81640625,False,44.8125,False,44.81640625
multipron,arctic_b0512,False,41.0,False,41.0,False,41.0,False,41.0
multipron,arctic_b0513,False,32.54296875,False,32.54296875,False,32.54296875,False,32.5390625
multipron,arctic_b0514,False,41.46484375,False,41.46484375,False,41.46484375,False,41.46875
multipron,arctic_b0515,False,24.91015625,False,24.8515625,False,24.9140625,False,24.84765625
multipron,arctic_b0516,False,43.42578125,False,43.42578125,False,43.421875,False,43.42578125
multipron,arctic_b0517,False,41.03515625,False,41.03125,False,41.0390625,False,41.03515625
multipron,arctic_b0518,False,37.44140625,False,37.44140625,False,37.4375,False,37.44140625
multipron,arctic_b0519,False,39.62890625,False,39.62890625,False,39.62890625,False,39.62890625
multipron,arctic_b0520,False,23.21484375,False,19.82421875,False,23.21875,False,19.82421875
multipron,arctic_b0521,False,21.98828125,False,18.98828125,False,21.98828125,False,18.98828125
multipron,arctic_b0522,False,33.93359375,False,33.93359375,False,33.9296875,False,33.9296875
multipron,arctic_b0523,False,33.06640625,False,33.06640625,False,33.06640625,False,33.06640625
multipron,arctic_b0524,False,35.0390625,False,35.04296875,False,35.04296875,False,35.04296875
multipron,arctic_b0525,False,47.2109375,False,47.203125,False,47.20703125,False,47.20703125
multipron,arctic_b0526,False,35.4140625,False,35.4140625,False,35.4140625,False,35.4140625
multipron,arctic_b0527,False,21.43359375,False,18.4375,False,21.4375,False,18.4375
multipron,arctic_b0528,True,0.0,True,0.0,True,0.0,True,0.0
multipron,arctic_b0529,False,23.9765625,False,23.97265625,False,23.97265625,False,23.97265625
multipron,arctic_b0530,False,42.48828125,False,42.49609375,False,42.4921875,False,42.4921875
multipron,arctic_b0531,False,49.41015625,False,49.40234375,False,49.40625,False,49.40625
multipron,arctic_b0532,False,38.03125,False,38.0390625,False,38.03515625,False,38.03515625
multipron,arctic_b0533,False,41.59375,False,41.5859375,False,41.58984375,False,41.58984375
multipron,arctic_b0534,False,27.74609375,False,23.00390625,False,27.74609375,False,23.00390625
multipron,arctic_b0535,False,34.6015625,False,34.6015625,False,34.6015625,False,34.6015625
multipron,arctic_b0536,False,41.64453125,False,41.6484375,False,41.6484375,False,41.6484375
multipron,arctic_b0537,False,40.15625,False,40.15234375,False,40.15234375,False,40.15234375
multipron,arctic_b0538,False,23.328125,False,23.328125,False,23.328125,False,23.328125
multipron,arctic_b0539,False,39.40625,False,39.40625,False,39.40625,False,39.40625
